main_image,1_image,1_image_score,2_image,2_image_score,3_image,3_image_score
image_0001,image_0037,0.133,image_0016,0.139,image_0036,0.161
image_0002,image_0042,0.0,image_0051,0.176,image_0028,0.176
image_0003,image_0072,0.145,image_0027,0.153,image_0033,0.153
image_0004,image_0030,0.159,image_0019,0.182,image_0006,0.187
image_0005,image_0451,0.16,image_0018,0.166,image_0049,0.168
image_0006,image_0036,0.112,image_0021,0.133,image_0014,0.137
image_0007,image_1172,0.177,image_0027,0.19,image_0040,0.194
image_0008,image_1097,0.111,image_0049,0.115,image_1190,0.119
image_0009,image_0038,0.191,image_0021,0.213,image_0014,0.216
image_0010,image_0013,0.163,image_0051,0.169,image_0028,0.169
image_0011,image_1041,0.177,image_0016,0.178,image_0003,0.183
image_0012,image_0037,0.132,image_0072,0.155,image_1196,0.156
image_0013,image_0051,0.149,image_0028,0.149,image_0037,0.152
image_0014,image_0048,0.0,image_0026,0.067,image_0021,0.078
image_0015,image_0025,0.163,image_0021,0.167,image_0561,0.186
image_0016,image_0021,0.107,image_0026,0.113,image_0049,0.116
image_0017,image_0065,0.156,image_0001,0.164,image_0035,0.165
image_0018,image_0040,0.143,image_0072,0.149,image_1140,0.154
image_0019,image_0026,0.127,image_0025,0.127,image_0021,0.133
image_0020,image_0016,0.167,image_0001,0.171,image_0006,0.187
image_0021,image_0026,0.073,image_0014,0.078,image_0048,0.078
image_0022,image_1049,0.132,image_0021,0.139,image_0040,0.142
image_0023,image_0014,0.144,image_0048,0.144,image_0065,0.145
image_0024,image_0014,0.113,image_0048,0.113,image_0021,0.116
image_0025,image_0019,0.127,image_0024,0.139,image_0035,0.141
image_0026,image_0049,0.028,image_0014,0.067,image_0048,0.067
image_0027,image_1050,0.146,image_0040,0.146,image_0003,0.153
image_0028,image_0051,0.0,image_0046,0.137,image_0033,0.137
image_0029,image_0056,0.092,image_0588,0.163,image_0014,0.175
image_0030,image_0022,0.157,image_0004,0.159,image_1149,0.195
image_0031,image_0063,0.0,image_0065,0.092,image_0026,0.143
image_0032,image_0451,0.151,image_0012,0.165,image_0037,0.173
image_0033,image_0046,0.0,image_0583,0.121,image_1212,0.133
image_0034,image_0058,0.116,image_0021,0.15,image_0018,0.16
image_0035,image_0025,0.141,image_0024,0.148,image_0017,0.165
image_0036,image_0006,0.112,image_0021,0.127,image_0040,0.136
image_0037,image_0012,0.132,image_0001,0.133,image_0451,0.133
image_0038,image_0036,0.16,image_0021,0.165,image_0035,0.184
image_0039,image_0034,0.263,image_0017,0.264,image_0035,0.269
image_0040,image_1050,0.077,image_0080,0.087,image_0614,0.118
image_0041,image_0037,0.174,image_0018,0.233,image_1061,0.235
image_0042,image_0002,0.0,image_0051,0.176,image_0028,0.176
image_0043,image_0609,0.104,image_0072,0.107,image_1190,0.108
image_0044,image_0028,0.205,image_0051,0.205,image_0221,0.239
image_0045,image_0105,0.282,image_0053,0.287,image_0696,0.288
image_0046,image_0033,0.0,image_0583,0.121,image_1212,0.133
image_0047,image_1167,0.169,image_0043,0.176,image_0052,0.194
image_0048,image_0014,0.0,image_0026,0.067,image_0021,0.078
image_0049,image_0026,0.028,image_0014,0.089,image_0048,0.089
image_0050,image_0600,0.213,image_1163,0.216,image_1116,0.217
image_0051,image_0028,0.0,image_0046,0.137,image_0033,0.137
image_0052,image_0569,0.119,image_0585,0.149,image_1263,0.161
image_0053,image_0002,0.206,image_0042,0.206,image_0055,0.248
image_0054,image_1066,0.214,image_1106,0.22,image_1105,0.221
image_0055,image_0451,0.154,image_0049,0.174,image_0037,0.182
image_0056,image_0029,0.092,image_0581,0.201,image_0046,0.207
image_0057,image_0062,0.23,image_0451,0.237,image_0075,0.252
image_0058,image_0034,0.116,image_0564,0.158,image_0583,0.158
image_0059,image_0030,0.245,image_0034,0.266,image_0004,0.279
image_0060,image_0585,0.161,image_0028,0.165,image_0051,0.165
image_0061,image_0001,0.202,image_0007,0.222,image_0451,0.229
image_0062,image_0037,0.17,image_0051,0.172,image_0028,0.172
image_0063,image_0031,0.0,image_0065,0.092,image_0026,0.143
image_0064,image_0063,0.218,image_0031,0.218,image_0586,0.219
image_0065,image_0031,0.092,image_0063,0.092,image_0023,0.145
image_0066,image_0111,0.31,image_0065,0.329,image_0064,0.331
image_0067,image_1048,0.19,image_0024,0.201,image_0026,0.203
image_0068,image_0573,0.247,image_0076,0.257,image_0047,0.264
image_0069,image_1034,0.14,image_1167,0.152,image_1047,0.156
image_0070,image_1076,0.18,image_1119,0.209,image_0081,0.226
image_0071,image_1049,0.166,image_1026,0.168,image_0001,0.181
image_0072,image_0609,0.107,image_0043,0.107,image_1180,0.108
image_0073,image_0043,0.211,image_0011,0.245,image_1172,0.248
image_0074,image_1047,0.126,image_1267,0.126,image_0614,0.133
image_0075,image_0132,0.251,image_0057,0.252,image_0137,0.272
image_0076,image_0573,0.149,image_0600,0.176,image_0571,0.192
image_0077,image_0002,0.259,image_0042,0.26,image_0057,0.26
image_0078,image_1163,0.211,image_1079,0.221,image_0595,0.225
image_0079,image_0584,0.17,image_0052,0.173,image_1028,0.175
image_0080,image_0040,0.087,image_1050,0.117,image_1139,0.139
image_0081,image_0180,0.169,image_1339,0.199,image_0082,0.203
image_0082,image_0087,0.117,image_0093,0.161,image_0092,0.169
image_0083,image_0113,0.275,image_0098,0.293,image_0089,0.293
image_0084,image_0135,0.274,image_0104,0.282,image_0102,0.307
image_0085,image_0105,0.248,image_0089,0.267,image_0113,0.297
image_0086,image_0138,0.251,image_0127,0.254,image_0233,0.255
image_0087,image_0082,0.117,image_0092,0.159,image_0105,0.173
image_0088,image_0093,0.217,image_0091,0.244,image_0100,0.245
image_0089,image_0107,0.207,image_0093,0.237,image_0091,0.24
image_0090,image_0100,0.001,image_0094,0.235,image_0093,0.238
image_0091,image_0093,0.198,image_0089,0.24,image_0088,0.244
image_0092,image_0087,0.159,image_0082,0.169,image_0107,0.195
image_0093,image_0082,0.161,image_0091,0.198,image_0081,0.21
image_0094,image_0138,0.232,image_0100,0.235,image_0090,0.235
image_0095,image_0093,0.269,image_0082,0.272,image_0617,0.287
image_0096,image_0103,0.252,image_0144,0.256,image_0107,0.259
image_0097,image_0082,0.273,image_0096,0.282,image_0087,0.288
image_0098,image_0113,0.17,image_0112,0.196,image_0082,0.229
image_0099,image_0083,0.315,image_0102,0.328,image_0112,0.339
image_0100,image_0090,0.001,image_0093,0.233,image_0094,0.235
image_0101,image_0082,0.249,image_0081,0.262,image_0127,0.264
image_0102,image_0113,0.234,image_0104,0.236,image_0107,0.24
image_0103,image_0087,0.206,image_0082,0.234,image_1238,0.235
image_0104,image_0150,0.21,image_0107,0.229,image_0113,0.23
image_0105,image_0087,0.173,image_0107,0.21,image_0085,0.248
image_0106,image_0121,0.208,image_0185,0.246,image_0108,0.247
image_0107,image_0092,0.195,image_0087,0.2,image_0089,0.207
image_0108,image_0106,0.247,image_0121,0.249,image_0134,0.278
image_0109,image_0090,0.292,image_0100,0.293,image_0115,0.302
image_0110,image_0107,0.262,image_0103,0.273,image_0159,0.275
image_0111,image_0096,0.306,image_0066,0.31,image_0097,0.323
image_0112,image_0098,0.196,image_0113,0.237,image_0089,0.253
image_0113,image_0098,0.17,image_0104,0.23,image_0082,0.232
image_0114,image_0187,0.381,image_0117,0.404,image_0101,0.409
image_0115,image_0135,0.252,image_0150,0.252,image_0133,0.268
image_0116,image_1105,0.166,image_0138,0.177,image_0197,0.184
image_0117,image_0306,0.221,image_0187,0.237,image_0595,0.258
image_0118,image_0416,0.194,image_0413,0.222,image_0456,0.222
image_0119,image_0124,0.199,image_0615,0.207,image_0149,0.242
image_0120,image_0126,0.186,image_0132,0.209,image_0123,0.228
image_0121,image_0106,0.208,image_0108,0.249,image_0119,0.253
image_0122,image_0156,0.194,image_0147,0.224,image_0142,0.281
image_0123,image_0151,0.003,image_0152,0.193,image_0140,0.208
image_0124,image_0119,0.199,image_0116,0.208,image_0173,0.251
image_0125,image_0160,0.169,image_0287,0.173,image_0180,0.217
image_0126,image_0120,0.186,image_0160,0.235,image_0140,0.253
image_0127,image_0233,0.154,image_0223,0.168,image_0192,0.178
image_0128,image_0087,0.224,image_1252,0.225,image_0160,0.227
image_0129,image_0142,0.295,image_1113,0.296,image_0635,0.3
image_0130,image_0134,0.189,image_0383,0.218,image_0131,0.222
image_0131,image_0357,0.196,image_0356,0.199,image_0134,0.199
image_0132,image_0137,0.188,image_0120,0.209,image_0157,0.228
image_0133,image_0115,0.268,image_0107,0.272,image_0105,0.307
image_0134,image_0130,0.189,image_0131,0.199,image_0389,0.223
image_0135,image_0150,0.222,image_0115,0.252,image_0104,0.271
image_0136,image_0233,0.208,image_1119,0.249,image_0553,0.274
image_0137,image_0132,0.188,image_0357,0.259,image_0130,0.261
image_0138,image_0116,0.177,image_0633,0.177,image_1084,0.212
image_0139,image_1082,0.25,image_1075,0.26,image_0309,0.268
image_0140,image_0219,0.208,image_0123,0.208,image_0152,0.212
image_0141,image_0223,0.188,image_0168,0.189,image_0127,0.195
image_0142,image_1299,0.226,image_0138,0.257,image_0160,0.262
image_0143,image_0615,0.207,image_1076,0.22,image_0639,0.22
image_0144,image_0096,0.256,image_0149,0.288,image_0089,0.297
image_0145,image_0156,0.239,image_0142,0.281,image_0147,0.285
image_0146,image_0155,0.377,image_0263,0.402,image_0102,0.411
image_0147,image_0156,0.135,image_0122,0.224,image_0120,0.253
image_0148,image_0924,0.376,image_0158,0.378,image_0638,0.424
image_0149,image_0127,0.206,image_0052,0.224,image_0119,0.242
image_0150,image_0104,0.21,image_0135,0.222,image_0226,0.249
image_0151,image_0123,0.003,image_0152,0.19,image_0140,0.22
image_0152,image_0151,0.19,image_0123,0.193,image_0633,0.205
image_0153,image_0197,0.214,image_0116,0.232,image_0382,0.253
image_0154,image_0116,0.303,image_0124,0.307,image_0606,0.327
image_0155,image_0264,0.296,image_0137,0.297,image_0315,0.316
image_0156,image_0147,0.135,image_0122,0.194,image_0145,0.239
image_0157,image_0132,0.228,image_0130,0.234,image_0134,0.24
image_0158,image_0367,0.321,image_0137,0.322,image_0130,0.331
image_0159,image_0100,0.25,image_0090,0.251,image_0107,0.257
image_0160,image_0125,0.169,image_1254,0.188,image_0287,0.204
image_0161,image_0171,0.089,image_0697,0.327,image_0235,0.33
image_0162,image_0163,0.24,image_1316,0.3,image_0165,0.309
image_0163,image_1316,0.221,image_1203,0.225,image_0181,0.228
image_0164,image_0172,0.227,image_0232,0.243,image_0206,0.251
image_0165,image_1269,0.172,image_0211,0.205,image_0224,0.209
image_0166,image_1350,0.269,image_0401,0.271,image_1316,0.274
image_0167,image_0220,0.176,image_0234,0.178,image_0175,0.181
image_0168,image_0209,0.077,image_0196,0.089,image_0188,0.104
image_0169,image_0234,0.181,image_0168,0.182,image_0167,0.198
image_0170,image_0449,0.387,image_0189,0.424,image_0124,0.425
image_0171,image_0161,0.089,image_0235,0.331,image_0179,0.35
image_0172,image_0175,0.179,image_0174,0.187,image_0180,0.205
image_0173,image_0239,0.182,image_0229,0.205,image_1084,0.213
image_0174,image_0234,0.183,image_0206,0.185,image_0172,0.187
image_0175,image_0224,0.141,image_0203,0.152,image_0207,0.158
image_0176,image_0215,0.228,image_0180,0.241,image_0175,0.256
image_0177,image_0558,0.332,image_0314,0.377,image_0297,0.394
image_0178,image_0224,0.157,image_0237,0.163,image_0175,0.164
image_0179,image_0232,0.174,image_0174,0.245,image_0203,0.25
image_0180,image_1167,0.117,image_1346,0.136,image_1301,0.149
image_0181,image_0163,0.228,image_0234,0.236,image_0169,0.243
image_0182,image_0212,0.238,image_0150,0.264,image_0179,0.276
image_0183,image_0196,0.202,image_0168,0.208,image_0223,0.211
image_0184,image_0168,0.116,image_0204,0.122,image_0209,0.126
image_0185,image_0192,0.227,image_0106,0.246,image_0198,0.249
image_0186,image_0188,0.133,image_0196,0.138,image_0168,0.147
image_0187,image_0602,0.208,image_0117,0.237,image_0306,0.263
image_0188,image_0196,0.018,image_0168,0.104,image_0218,0.112
image_0189,image_0221,0.242,image_0217,0.259,image_0222,0.264
image_0190,image_0231,0.239,image_0206,0.26,image_0188,0.269
image_0191,image_0196,0.181,image_0188,0.184,image_0168,0.186
image_0192,image_0233,0.14,image_0127,0.178,image_0226,0.192
image_0193,image_0231,0.231,image_0167,0.249,image_0220,0.254
image_0194,image_0222,0.127,image_1100,0.137,image_1096,0.14
image_0195,image_0209,0.126,image_0223,0.168,image_0168,0.201
image_0196,image_0188,0.018,image_0168,0.089,image_0218,0.091
image_0197,image_0116,0.184,image_0950,0.212,image_0153,0.214
image_0198,image_0185,0.249,image_0217,0.258,image_0106,0.27
image_0199,image_0163,0.299,image_1316,0.31,image_1216,0.316
image_0200,image_0201,0.287,image_0231,0.289,image_0202,0.289
image_0201,image_0220,0.132,image_0237,0.145,image_0188,0.155
image_0202,image_0201,0.185,image_0228,0.197,image_0188,0.213
image_0203,image_0175,0.152,image_0232,0.201,image_0165,0.211
image_0204,image_0184,0.122,image_0168,0.136,image_0209,0.14
image_0205,image_0224,0.143,image_0227,0.148,image_0213,0.183
image_0206,image_0186,0.148,image_0188,0.17,image_0196,0.178
image_0207,image_0237,0.094,image_0218,0.129,image_0224,0.138
image_0208,image_0237,0.179,image_0207,0.179,image_0213,0.196
image_0209,image_0168,0.077,image_0196,0.103,image_0218,0.117
image_0210,image_0238,0.236,image_0127,0.278,image_0223,0.288
image_0211,image_1096,0.124,image_0222,0.128,image_1073,0.129
image_0212,image_0182,0.238,image_0150,0.263,image_0226,0.263
image_0213,image_0237,0.14,image_0234,0.143,image_0184,0.153
image_0214,image_0233,0.276,image_0201,0.3,image_0167,0.309
image_0215,image_0203,0.215,image_0079,0.224,image_1269,0.227
image_0216,image_0943,0.322,image_0047,0.323,image_1167,0.329
image_0217,image_0229,0.042,image_0168,0.144,image_0188,0.151
image_0218,image_0196,0.091,image_0188,0.112,image_0209,0.117
image_0219,image_0237,0.19,image_0213,0.2,image_0221,0.202
image_0220,image_0237,0.107,image_0201,0.132,image_0207,0.143
image_0221,image_0218,0.13,image_0184,0.141,image_0196,0.148
image_0222,image_0194,0.127,image_0211,0.128,image_0234,0.152
image_0223,image_0168,0.142,image_0209,0.15,image_0196,0.154
image_0224,image_0237,0.128,image_0207,0.138,image_0175,0.141
image_0225,image_0226,0.259,image_0188,0.265,image_0217,0.267
image_0226,image_0233,0.151,image_0186,0.151,image_0192,0.192
image_0227,image_0205,0.148,image_0224,0.162,image_0211,0.222
image_0228,image_0202,0.197,image_0195,0.228,image_0201,0.232
image_0229,image_0217,0.042,image_0221,0.179,image_0204,0.18
image_0230,image_0202,0.226,image_0201,0.271,image_0168,0.272
image_0231,image_0188,0.187,image_0217,0.19,image_0168,0.197
image_0232,image_0179,0.174,image_0175,0.181,image_0206,0.195
image_0233,image_0192,0.14,image_0226,0.151,image_0127,0.154
image_0234,image_0213,0.143,image_0168,0.143,image_0224,0.152
image_0235,image_0206,0.227,image_0239,0.229,image_0231,0.236
image_0236,image_0201,0.349,image_0301,0.374,image_0167,0.375
image_0237,image_0207,0.094,image_0220,0.107,image_0168,0.114
image_0238,image_1264,0.231,image_0210,0.236,image_0187,0.264
image_0239,image_0173,0.182,image_0229,0.209,image_0206,0.219
image_0240,image_0693,0.448,image_0671,0.452,image_0695,0.475
image_0241,image_0244,0.119,image_0268,0.135,image_0243,0.143
image_0242,image_0243,0.03,image_0244,0.073,image_0241,0.152
image_0243,image_0242,0.03,image_0244,0.076,image_0241,0.143
image_0244,image_0242,0.073,image_0243,0.076,image_0241,0.119
image_0245,image_0246,0.149,image_0243,0.158,image_0311,0.159
image_0246,image_0245,0.149,image_0244,0.198,image_0277,0.199
image_0247,image_0248,0.303,image_0249,0.417,image_0250,0.419
image_0248,image_0247,0.303,image_0418,0.402,image_0446,0.402
image_0249,image_0250,0.066,image_0251,0.147,image_0269,0.216
image_0250,image_0249,0.066,image_0251,0.209,image_0266,0.23
image_0251,image_0249,0.147,image_0250,0.209,image_0246,0.213
image_0252,image_0241,0.205,image_0341,0.228,image_0245,0.234
image_0253,image_0241,0.144,image_0268,0.173,image_0270,0.192
image_0254,image_0269,0.281,image_0244,0.287,image_0242,0.302
image_0255,image_0321,0.185,image_0277,0.187,image_0351,0.203
image_0256,image_0296,0.23,image_0275,0.282,image_0314,0.29
image_0257,image_0315,0.249,image_0263,0.306,image_0262,0.327
image_0258,image_0284,0.262,image_0271,0.265,image_0304,0.265
image_0259,image_0243,0.186,image_0242,0.195,image_0300,0.198
image_0260,image_0255,0.233,image_0351,0.253,image_0328,0.264
image_0261,image_0479,0.1,image_0300,0.12,image_0288,0.132
image_0262,image_0310,0.241,image_0280,0.256,image_0295,0.283
image_0263,image_0310,0.242,image_0264,0.265,image_0315,0.265
image_0264,image_0268,0.2,image_0452,0.212,image_0253,0.225
image_0265,image_0266,0.108,image_0270,0.123,image_0300,0.124
image_0266,image_0265,0.108,image_0272,0.164,image_0241,0.166
image_0267,image_0269,0.103,image_0270,0.108,image_0300,0.138
image_0268,image_0241,0.135,image_0300,0.17,image_0253,0.173
image_0269,image_0270,0.078,image_0271,0.091,image_0267,0.103
image_0270,image_0271,0.066,image_0269,0.078,image_0272,0.106
image_0271,image_0270,0.066,image_0269,0.091,image_0272,0.118
image_0272,image_0270,0.106,image_0271,0.118,image_0265,0.126
image_0273,image_0269,0.341,image_0267,0.39,image_0250,0.426
image_0274,image_0310,0.155,image_0312,0.184,image_0313,0.185
image_0275,image_0281,0.178,image_0284,0.18,image_0280,0.185
image_0276,image_0277,0.15,image_0245,0.165,image_0243,0.183
image_0277,image_0276,0.15,image_0285,0.159,image_0300,0.16
image_0278,image_0385,0.275,image_0383,0.298,image_0416,0.306
image_0279,image_0294,0.101,image_0318,0.113,image_0304,0.132
image_0280,image_0275,0.185,image_0284,0.208,image_0262,0.256
image_0281,image_0275,0.178,image_0309,0.21,image_0310,0.248
image_0282,image_0284,0.228,image_0318,0.242,image_0351,0.252
image_0283,image_1358,0.243,image_0289,0.255,image_0290,0.263
image_0284,image_0289,0.151,image_0290,0.157,image_0275,0.18
image_0285,image_1359,0.146,image_1288,0.153,image_0277,0.159
image_0286,image_0305,0.149,image_0288,0.156,image_0279,0.163
image_0287,image_0125,0.173,image_1073,0.174,image_1086,0.197
image_0288,image_0293,0.086,image_0303,0.094,image_0305,0.095
image_0289,image_0290,0.085,image_1358,0.135,image_0284,0.151
image_0290,image_0289,0.085,image_0318,0.122,image_0351,0.135
image_0291,image_0115,0.297,image_0135,0.335,image_0318,0.343
image_0292,image_0288,0.136,image_0312,0.15,image_0319,0.157
image_0293,image_0303,0.056,image_0288,0.086,image_0305,0.102
image_0294,image_1032,0.097,image_0279,0.101,image_0303,0.131
image_0295,image_0309,0.226,image_0289,0.228,image_0284,0.23
image_0296,image_0256,0.23,image_0263,0.296,image_0314,0.301
image_0297,image_0272,0.129,image_0300,0.143,image_0285,0.165
image_0298,image_0302,0.167,image_0309,0.25,image_0312,0.252
image_0299,image_0310,0.245,image_0255,0.247,image_0318,0.256
image_0300,image_0304,0.12,image_0261,0.12,image_0265,0.124
image_0301,image_0302,0.227,image_0298,0.283,image_0167,0.343
image_0302,image_0298,0.167,image_0301,0.227,image_0312,0.238
image_0303,image_0293,0.056,image_0288,0.094,image_0307,0.116
image_0304,image_0300,0.12,image_0279,0.132,image_0311,0.145
image_0305,image_0288,0.095,image_0293,0.102,image_1356,0.122
image_0306,image_0595,0.2,image_0117,0.221,image_1343,0.258
image_0307,image_0303,0.116,image_0312,0.146,image_0311,0.148
image_0308,image_0288,0.138,image_0303,0.14,image_0293,0.142
image_0309,image_0313,0.108,image_0312,0.112,image_0311,0.122
image_0310,image_0312,0.13,image_0311,0.134,image_0274,0.155
image_0311,image_0312,0.065,image_0313,0.091,image_0309,0.122
image_0312,image_0311,0.065,image_0313,0.071,image_0309,0.112
image_0313,image_0312,0.071,image_0311,0.091,image_0309,0.108
image_0314,image_0317,0.281,image_0256,0.29,image_0272,0.298
image_0315,image_0264,0.24,image_0257,0.249,image_0263,0.265
image_0316,image_0317,0.252,image_0255,0.296,image_0314,0.317
image_0317,image_0316,0.252,image_0255,0.264,image_1336,0.27
image_0318,image_0279,0.113,image_0290,0.122,image_0351,0.14
image_0319,image_0292,0.157,image_0309,0.187,image_0284,0.188
image_0320,image_0309,0.263,image_1110,0.272,image_0319,0.282
image_0321,image_0351,0.079,image_0371,0.108,image_0333,0.142
image_0322,image_0329,0.232,image_0342,0.246,image_0353,0.254
image_0323,image_0337,0.248,image_0325,0.253,image_0343,0.254
image_0324,image_0246,0.213,image_1302,0.215,image_1288,0.216
image_0325,image_0349,0.154,image_0340,0.157,image_0351,0.168
image_0326,image_0358,0.208,image_0379,0.22,image_0373,0.243
image_0327,image_0332,0.23,image_1255,0.266,image_0363,0.273
image_0328,image_0351,0.145,image_0321,0.157,image_0333,0.173
image_0329,image_0373,0.189,image_0625,0.22,image_0322,0.232
image_0330,image_0342,0.24,image_0349,0.265,image_1333,0.27
image_0331,image_0360,0.216,image_0339,0.235,image_0340,0.252
image_0332,image_0335,0.177,image_0416,0.196,image_0345,0.199
image_0333,image_0321,0.142,image_0351,0.15,image_0349,0.157
image_0334,image_0288,0.138,image_0374,0.174,image_1359,0.176
image_0335,image_0332,0.177,image_0870,0.192,image_1252,0.213
image_0336,image_0346,0.259,image_1234,0.264,image_1215,0.266
image_0337,image_0344,0.206,image_0343,0.236,image_0277,0.242
image_0338,image_0870,0.224,image_0340,0.256,image_0348,0.264
image_0339,image_0331,0.235,image_0325,0.268,image_0340,0.287
image_0340,image_0325,0.157,image_0354,0.175,image_0360,0.201
image_0341,image_0371,0.164,image_0368,0.183,image_0321,0.189
image_0342,image_0330,0.24,image_0322,0.246,image_0339,0.325
image_0343,image_0321,0.157,image_0333,0.16,image_1326,0.182
image_0344,image_0321,0.195,image_0337,0.206,image_0277,0.21
image_0345,image_0332,0.199,image_0363,0.223,image_0383,0.224
image_0346,image_1215,0.233,image_0324,0.237,image_1304,0.245
image_0347,image_0364,0.14,image_0480,0.157,image_0374,0.159
image_0348,image_0352,0.229,image_0093,0.241,image_0345,0.256
image_0349,image_0325,0.154,image_0333,0.157,image_1341,0.168
image_0350,image_0374,0.112,image_1309,0.146,image_1359,0.153
image_0351,image_0321,0.079,image_0290,0.135,image_0371,0.139
image_0352,image_1263,0.229,image_0348,0.229,image_0093,0.23
image_0353,image_1299,0.193,image_0325,0.218,image_0354,0.221
image_0354,image_0351,0.142,image_0360,0.165,image_0340,0.175
image_0355,image_0333,0.24,image_1360,0.241,image_0400,0.242
image_0356,image_0362,0.091,image_0379,0.129,image_0364,0.13
image_0357,image_0363,0.133,image_0356,0.172,image_0384,0.181
image_0358,image_0326,0.208,image_0390,0.236,image_0333,0.237
image_0359,image_0295,0.247,image_0328,0.263,image_0377,0.266
image_0360,image_0354,0.165,image_0325,0.169,image_0351,0.184
image_0361,image_0347,0.196,image_0303,0.196,image_0288,0.202
image_0362,image_0356,0.091,image_0305,0.142,image_0373,0.159
image_0363,image_0357,0.133,image_1276,0.148,image_0803,0.167
image_0364,image_0356,0.13,image_0347,0.14,image_0362,0.163
image_0365,image_0364,0.187,image_0362,0.198,image_0372,0.2
image_0366,image_1273,0.154,image_1337,0.158,image_1091,0.161
image_0367,image_0369,0.183,image_0370,0.186,image_0268,0.256
image_0368,image_0371,0.159,image_0341,0.183,image_0364,0.185
image_0369,image_0367,0.183,image_0365,0.211,image_0370,0.247
image_0370,image_0367,0.186,image_0369,0.247,image_0264,0.273
image_0371,image_0321,0.108,image_0356,0.137,image_0288,0.138
image_0372,image_0347,0.18,image_1281,0.184,image_0480,0.185
image_0373,image_0379,0.157,image_0362,0.159,image_0392,0.185
image_0374,image_0350,0.112,image_1359,0.131,image_1309,0.152
image_0375,image_1068,0.238,image_1075,0.248,image_0349,0.249
image_0376,image_0373,0.257,image_0394,0.267,image_0362,0.269
image_0377,image_0380,0.151,image_0368,0.198,image_0371,0.2
image_0378,image_0377,0.234,image_0712,0.274,image_0380,0.276
image_0379,image_0356,0.129,image_0373,0.157,image_0362,0.171
image_0380,image_0377,0.151,image_0356,0.193,image_0371,0.199
image_0381,image_1360,0.271,image_0400,0.285,image_0373,0.287
image_0382,image_0197,0.25,image_0116,0.25,image_0153,0.253
image_0383,image_0356,0.179,image_0389,0.2,image_0131,0.213
image_0384,image_0809,0.118,image_0817,0.153,image_0847,0.16
image_0385,image_0383,0.26,image_0121,0.27,image_0278,0.275
image_0386,image_0319,0.306,image_0391,0.309,image_0308,0.321
image_0387,image_0295,0.275,image_0359,0.285,image_0378,0.298
image_0388,image_0129,0.39,image_0119,0.406,image_0235,0.407
image_0389,image_0383,0.2,image_0131,0.212,image_0134,0.223
image_0390,image_0377,0.227,image_0358,0.236,image_0326,0.249
image_0391,image_0321,0.16,image_0351,0.167,image_1360,0.176
image_0392,image_0366,0.184,image_0373,0.185,image_0349,0.186
image_0393,image_0391,0.208,image_0341,0.21,image_0321,0.211
image_0394,image_0373,0.196,image_0356,0.221,image_0347,0.228
image_0395,image_0396,0.201,image_1261,0.24,image_1057,0.269
image_0396,image_0395,0.201,image_1057,0.245,image_1343,0.268
image_0397,image_0119,0.289,image_0329,0.295,image_0116,0.323
image_0398,image_0370,0.374,image_0377,0.394,image_0292,0.407
image_0399,image_0391,0.22,image_0333,0.225,image_1299,0.227
image_0400,image_0355,0.242,image_1360,0.26,image_0333,0.266
image_0401,image_0410,0.151,image_0455,0.151,image_1240,0.174
image_0402,image_0472,0.0,image_0437,0.185,image_0474,0.185
image_0403,image_0475,0.0,image_0455,0.118,image_0410,0.118
image_0404,image_0477,0.124,image_0417,0.145,image_0429,0.149
image_0405,image_0476,0.0,image_0474,0.136,image_0437,0.136
image_0406,image_0413,0.104,image_0456,0.104,image_0416,0.137
image_0407,image_0445,0.198,image_0467,0.203,image_0434,0.203
image_0408,image_0419,0.175,image_0430,0.197,image_0462,0.201
image_0409,image_0460,0.189,image_0429,0.189,image_0477,0.2
image_0410,image_0455,0.0,image_0475,0.118,image_0403,0.118
image_0411,image_0468,0.0,image_0465,0.131,image_0432,0.156
image_0412,image_0416,0.217,image_0436,0.221,image_0471,0.221
image_0413,image_0456,0.0,image_0416,0.098,image_0471,0.1
image_0414,image_0414,0.0,image_0437,0.162,image_0474,0.162
image_0415,image_0462,0.119,image_0430,0.146,image_0419,0.163
image_0416,image_0456,0.098,image_0413,0.098,image_0425,0.111
image_0417,image_0429,0.138,image_0460,0.139,image_0404,0.145
image_0418,image_0446,0.0,image_0477,0.217,image_0450,0.23
image_0419,image_0430,0.122,image_0462,0.13,image_0466,0.134
image_0420,image_0448,0.294,image_0454,0.308,image_0449,0.308
image_0421,image_0447,0.0,image_0462,0.204,image_0430,0.207
image_0422,image_0422,0.0,image_0413,0.103,image_0456,0.103
image_0423,image_0416,0.15,image_0413,0.177,image_0456,0.177
image_0424,image_0443,0.0,image_0480,0.152,image_0410,0.167
image_0425,image_0433,0.072,image_0470,0.072,image_0439,0.11
image_0426,image_0415,0.192,image_0409,0.212,image_0474,0.22
image_0427,image_0459,0.0,image_0431,0.149,image_0429,0.187
image_0428,image_0450,0.184,image_0321,0.236,image_1326,0.237
image_0429,image_0460,0.0,image_0434,0.123,image_0467,0.123
image_0430,image_0462,0.121,image_0419,0.122,image_0415,0.146
image_0431,image_0459,0.149,image_0427,0.149,image_0460,0.163
image_0432,image_0462,0.118,image_0465,0.12,image_0411,0.156
image_0433,image_0470,0.0,image_0425,0.072,image_0439,0.091
image_0434,image_0467,0.0,image_0429,0.123,image_0460,0.123
image_0435,image_0309,0.213,image_0313,0.218,image_0274,0.218
image_0436,image_0471,0.0,image_0413,0.1,image_0456,0.1
image_0437,image_0474,0.0,image_0405,0.136,image_0476,0.136
image_0438,image_0474,0.185,image_0437,0.185,image_0477,0.214
image_0439,image_0453,0.0,image_0470,0.091,image_0433,0.091
image_0440,image_0442,0.15,image_0261,0.177,image_0443,0.191
image_0441,image_0432,0.191,image_0465,0.196,image_0065,0.218
image_0442,image_0440,0.15,image_0347,0.172,image_0279,0.176
image_0443,image_0443,0.0,image_0480,0.152,image_0410,0.167
image_0444,image_1310,0.201,image_1326,0.204,image_1328,0.207
image_0445,image_0407,0.198,image_0477,0.284,image_0467,0.298
image_0446,image_0418,0.0,image_0477,0.217,image_0450,0.23
image_0447,image_0421,0.0,image_0462,0.204,image_0430,0.207
image_0448,image_0449,0.237,image_0010,0.26,image_0013,0.266
image_0449,image_0454,0.227,image_0448,0.237,image_0423,0.27
image_0450,image_0428,0.184,image_0440,0.205,image_0446,0.23
image_0451,image_0037,0.133,image_0049,0.148,image_0032,0.151
image_0452,image_0268,0.201,image_0245,0.21,image_0264,0.212
image_0453,image_0439,0.0,image_0470,0.091,image_0433,0.091
image_0454,image_0423,0.207,image_0415,0.217,image_0449,0.227
image_0455,image_0410,0.0,image_0475,0.118,image_0403,0.118
image_0456,image_0456,0.0,image_0416,0.098,image_0471,0.1
image_0457,image_0416,0.207,image_0461,0.213,image_0440,0.223
image_0458,image_0470,0.153,image_0433,0.153,image_0425,0.162
image_0459,image_0427,0.0,image_0431,0.149,image_0429,0.187
image_0460,image_0429,0.0,image_0434,0.123,image_0467,0.123
image_0461,image_0416,0.153,image_0456,0.154,image_0413,0.154
image_0462,image_0432,0.118,image_0415,0.119,image_0430,0.121
image_0463,image_0476,0.231,image_0405,0.231,image_0474,0.268
image_0464,image_0414,0.0,image_0437,0.162,image_0474,0.162
image_0465,image_0432,0.12,image_0468,0.131,image_0411,0.131
image_0466,image_0419,0.134,image_0462,0.156,image_1187,0.157
image_0467,image_0434,0.0,image_0429,0.123,image_0460,0.123
image_0468,image_0411,0.0,image_0465,0.131,image_0432,0.156
image_0469,image_0422,0.0,image_0413,0.103,image_0456,0.103
image_0470,image_0433,0.0,image_0425,0.072,image_0439,0.091
image_0471,image_0436,0.0,image_0413,0.1,image_0456,0.1
image_0472,image_0402,0.0,image_0437,0.185,image_0474,0.185
image_0473,image_0469,0.134,image_0422,0.134,image_0429,0.156
image_0474,image_0437,0.0,image_0405,0.136,image_0476,0.136
image_0475,image_0403,0.0,image_0455,0.118,image_0410,0.118
image_0476,image_0405,0.0,image_0474,0.136,image_0437,0.136
image_0477,image_0404,0.124,image_0429,0.157,image_0460,0.157
image_0478,image_1326,0.183,image_1310,0.208,image_1324,0.215
image_0479,image_0261,0.1,image_0300,0.153,image_0288,0.17
image_0480,image_0443,0.152,image_0424,0.152,image_0303,0.154
image_0481,image_0491,0.186,image_0483,0.204,image_0525,0.218
image_0482,image_0509,0.191,image_0498,0.217,image_0484,0.223
image_0483,image_0489,0.199,image_0481,0.204,image_0499,0.228
image_0484,image_0498,0.007,image_0482,0.223,image_0502,0.245
image_0485,image_0490,0.296,image_0487,0.331,image_0523,0.36
image_0486,image_0494,0.228,image_0481,0.235,image_0520,0.239
image_0487,image_0495,0.245,image_0490,0.283,image_0483,0.295
image_0488,image_0511,0.294,image_0497,0.309,image_0518,0.319
image_0489,image_0483,0.199,image_0514,0.226,image_0509,0.238
image_0490,image_0518,0.235,image_0509,0.26,image_0482,0.266
image_0491,image_0481,0.186,image_0494,0.23,image_0483,0.246
image_0492,image_0522,0.254,image_0483,0.255,image_0498,0.256
image_0493,image_0494,0.229,image_0525,0.246,image_0514,0.259
image_0494,image_0525,0.211,image_0481,0.219,image_0486,0.228
image_0495,image_0487,0.245,image_0499,0.245,image_0483,0.262
image_0496,image_0483,0.249,image_0482,0.253,image_0514,0.256
image_0497,image_0523,0.296,image_0518,0.3,image_0486,0.301
image_0498,image_0484,0.007,image_0482,0.217,image_0502,0.228
image_0499,image_0483,0.228,image_0509,0.237,image_0523,0.242
image_0500,image_0497,0.305,image_0499,0.308,image_0495,0.337
image_0501,image_0502,0.342,image_0549,0.348,image_0497,0.349
image_0502,image_0527,0.211,image_0503,0.219,image_0498,0.228
image_0503,image_0502,0.219,image_0498,0.242,image_0508,0.248
image_0504,image_0482,0.266,image_0563,0.301,image_0516,0.312
image_0505,image_0493,0.273,image_0546,0.303,image_0482,0.305
image_0506,image_0484,0.28,image_0498,0.29,image_0503,0.313
image_0507,image_0503,0.361,image_0498,0.378,image_0529,0.382
image_0508,image_0546,0.244,image_0503,0.248,image_0527,0.255
image_0509,image_0482,0.191,image_0499,0.237,image_0489,0.238
image_0510,image_0551,0.342,image_0511,0.349,image_0514,0.355
image_0511,image_0524,0.243,image_1242,0.268,image_0509,0.269
image_0512,image_0534,0.257,image_0499,0.297,image_0494,0.297
image_0513,image_0555,0.247,image_0554,0.257,image_0511,0.273
image_0514,image_0489,0.226,image_0482,0.228,image_0496,0.256
image_0515,image_0518,0.261,image_0493,0.326,image_0514,0.328
image_0516,image_0546,0.212,image_0482,0.226,image_0481,0.247
image_0517,image_0546,0.245,image_0482,0.249,image_0484,0.254
image_0518,image_0490,0.235,image_0515,0.261,image_0523,0.273
image_0519,image_0518,0.354,image_0531,0.374,image_0661,0.394
image_0520,image_0486,0.239,image_0494,0.241,image_0523,0.253
image_0521,image_0525,0.228,image_0541,0.255,image_0483,0.271
image_0522,image_0481,0.254,image_0492,0.254,image_0516,0.255
image_0523,image_0525,0.23,image_0499,0.242,image_0486,0.25
image_0524,image_0511,0.243,image_0533,0.244,image_0509,0.251
image_0525,image_0494,0.211,image_0481,0.218,image_0521,0.228
image_0526,image_0534,0.22,image_0547,0.262,image_0545,0.28
image_0527,image_0502,0.211,image_0508,0.255,image_0503,0.265
image_0528,image_0496,0.273,image_0503,0.276,image_0529,0.288
image_0529,image_0482,0.27,image_0528,0.288,image_0503,0.298
image_0530,image_0522,0.267,image_0552,0.342,image_0483,0.348
image_0531,image_0536,0.153,image_0551,0.214,image_0547,0.225
image_0532,image_0547,0.243,image_0548,0.245,image_0531,0.256
image_0533,image_0543,0.226,image_0524,0.244,image_0287,0.255
image_0534,image_0526,0.22,image_0512,0.257,image_0551,0.273
image_0535,image_0482,0.353,image_0544,0.359,image_0547,0.366
image_0536,image_0531,0.153,image_0547,0.166,image_0548,0.236
image_0537,image_1085,0.243,image_0360,0.255,image_0625,0.262
image_0538,image_0548,0.224,image_0547,0.272,image_0513,0.277
image_0539,image_0543,0.223,image_0547,0.276,image_0532,0.282
image_0540,image_0531,0.265,image_0514,0.287,image_0536,0.304
image_0541,image_0521,0.255,image_0534,0.305,image_0525,0.306
image_0542,image_0547,0.201,image_0509,0.267,image_0516,0.275
image_0543,image_0539,0.223,image_0533,0.226,image_0550,0.263
image_0544,image_0694,0.262,image_0657,0.287,image_0492,0.293
image_0545,image_0526,0.28,image_0509,0.299,image_0534,0.312
image_0546,image_0516,0.212,image_0482,0.229,image_0481,0.231
image_0547,image_0536,0.166,image_0542,0.201,image_0531,0.225
image_0548,image_0538,0.224,image_0531,0.229,image_0547,0.232
image_0549,image_0552,0.245,image_0483,0.341,image_0685,0.341
image_0550,image_0543,0.263,image_0605,0.287,image_1118,0.305
image_0551,image_0531,0.214,image_0534,0.273,image_0536,0.301
image_0552,image_0549,0.245,image_0483,0.293,image_0522,0.321
image_0553,image_1349,0.191,image_1359,0.222,image_1119,0.223
image_0554,image_0555,0.046,image_0559,0.242,image_0513,0.257
image_0555,image_0554,0.046,image_0513,0.247,image_0559,0.266
image_0556,image_0552,0.364,image_0551,0.365,image_0549,0.386
image_0557,image_0556,0.469,image_0117,0.533,image_1303,0.537
image_0558,image_0212,0.291,image_1111,0.296,image_1247,0.302
image_0559,image_1098,0.229,image_0554,0.242,image_1117,0.246
image_0560,image_0536,0.297,image_0478,0.337,image_0542,0.343
image_0561,image_0567,0.146,image_0574,0.159,image_0015,0.186
image_0562,image_0573,0.228,image_0564,0.241,image_0567,0.245
image_0563,image_0582,0.234,image_0577,0.273,image_1048,0.286
image_0564,image_0573,0.156,image_0058,0.158,image_0021,0.166
image_0565,image_0577,0.215,image_0569,0.234,image_0584,0.236
image_0566,image_0564,0.23,image_0078,0.235,image_0570,0.251
image_0567,image_0561,0.146,image_0593,0.177,image_0581,0.191
image_0568,image_1140,0.15,image_1144,0.159,image_0021,0.165
image_0569,image_0585,0.111,image_0052,0.119,image_0584,0.122
image_0570,image_0571,0.161,image_0564,0.184,image_1055,0.199
image_0571,image_1187,0.16,image_0570,0.161,image_1055,0.164
image_0572,image_0058,0.163,image_0034,0.164,image_0564,0.173
image_0573,image_0076,0.149,image_0564,0.156,image_0058,0.169
image_0574,image_0584,0.107,image_0585,0.113,image_0580,0.13
image_0575,image_0576,0.264,image_0001,0.315,image_0017,0.318
image_0576,image_0575,0.264,image_0571,0.279,image_0029,0.282
image_0577,image_0579,0.171,image_0578,0.198,image_0565,0.215
image_0578,image_0579,0.148,image_0577,0.198,image_0596,0.238
image_0579,image_0578,0.148,image_0577,0.171,image_0586,0.234
image_0580,image_0609,0.126,image_0574,0.13,image_1140,0.138
image_0581,image_0590,0.144,image_0567,0.191,image_0058,0.197
image_0582,image_0586,0.202,image_0573,0.206,image_0564,0.208
image_0583,image_0033,0.121,image_0046,0.121,image_0026,0.152
image_0584,image_0585,0.096,image_0574,0.107,image_0569,0.122
image_0585,image_0584,0.096,image_0569,0.111,image_0574,0.113
image_0586,image_0582,0.202,image_0064,0.219,image_0028,0.224
image_0587,image_0573,0.211,image_0594,0.221,image_0005,0.222
image_0588,image_0614,0.139,image_0609,0.143,image_1190,0.149
image_0589,image_0070,0.265,image_0618,0.265,image_0623,0.269
image_0590,image_0581,0.144,image_0569,0.157,image_0058,0.182
image_0591,image_0200,0.357,image_0171,0.367,image_0066,0.367
image_0592,image_1182,0.093,image_1198,0.102,image_1115,0.113
image_0593,image_0567,0.177,image_0564,0.202,image_0034,0.211
image_0594,image_0587,0.221,image_0573,0.252,image_0593,0.258
image_0595,image_1261,0.17,image_0306,0.2,image_0078,0.225
image_0596,image_0582,0.223,image_0578,0.238,image_0058,0.242
image_0597,image_0569,0.166,image_0571,0.17,image_0590,0.198
image_0598,image_0582,0.211,image_0586,0.27,image_0051,0.272
image_0599,image_0618,0.265,image_0596,0.268,image_0589,0.304
image_0600,image_0614,0.103,image_1104,0.119,image_1050,0.121
image_0601,image_0613,0.267,image_0627,0.286,image_0385,0.291
image_0602,image_0187,0.208,image_0629,0.208,image_0078,0.243
image_0603,image_0611,0.16,image_0623,0.228,image_0637,0.238
image_0604,image_0609,0.106,image_1103,0.124,image_0634,0.129
image_0605,image_0621,0.207,image_1099,0.212,image_1057,0.227
image_0606,image_0124,0.311,image_0154,0.327,image_0601,0.334
image_0607,image_0153,0.259,image_0054,0.274,image_1106,0.281
image_0608,image_0615,0.128,image_1085,0.166,image_1106,0.166
image_0609,image_1183,0.068,image_1164,0.088,image_1060,0.094
image_0610,image_0034,0.212,image_1079,0.212,image_0573,0.213
image_0611,image_0603,0.16,image_0637,0.194,image_0638,0.206
image_0612,image_1110,0.193,image_1082,0.213,image_1095,0.22
image_0613,image_1082,0.24,image_0639,0.265,image_0601,0.267
image_0614,image_1104,0.088,image_1050,0.092,image_0609,0.101
image_0615,image_0608,0.128,image_0625,0.135,image_1085,0.162
image_0616,image_0608,0.196,image_1106,0.235,image_0612,0.24
image_0617,image_0585,0.232,image_0596,0.27,image_0569,0.279
image_0618,image_0599,0.265,image_0589,0.265,image_0623,0.304
image_0619,image_0600,0.308,image_1051,0.308,image_1169,0.319
image_0620,image_1098,0.188,image_1095,0.199,image_0624,0.203
image_0621,image_1090,0.131,image_0600,0.173,image_1099,0.179
image_0622,image_0569,0.157,image_1182,0.176,image_0584,0.176
image_0623,image_0631,0.162,image_1095,0.201,image_0637,0.202
image_0624,image_1055,0.154,image_1182,0.155,image_1198,0.156
image_0625,image_0615,0.135,image_1117,0.154,image_1095,0.156
image_0626,image_1068,0.218,image_0638,0.23,image_0622,0.245
image_0627,image_0613,0.274,image_0608,0.275,image_1113,0.279
image_0628,image_1117,0.162,image_0624,0.165,image_1098,0.169
image_0629,image_0602,0.208,image_0605,0.265,image_1264,0.293
image_0630,image_0152,0.229,image_0140,0.243,image_1196,0.245
image_0631,image_0623,0.162,image_0603,0.276,image_0638,0.291
image_0632,image_1076,0.271,image_0070,0.327,image_0608,0.341
image_0633,image_0138,0.177,image_0290,0.2,image_0318,0.205
image_0634,image_1183,0.127,image_0604,0.129,image_0609,0.137
image_0635,image_0628,0.236,image_1108,0.237,image_1167,0.252
image_0636,image_0615,0.286,image_0639,0.302,image_0608,0.318
image_0637,image_0611,0.194,image_0623,0.202,image_0639,0.224
image_0638,image_0611,0.206,image_0626,0.23,image_0637,0.231
image_0639,image_0615,0.166,image_1110,0.174,image_1085,0.176
image_0640,image_0600,0.235,image_0614,0.236,image_1079,0.239
image_0641,image_0644,0.221,image_0695,0.225,image_0651,0.226
image_0642,image_0681,0.139,image_0651,0.203,image_0665,0.21
image_0643,image_0659,0.164,image_0673,0.186,image_0661,0.191
image_0644,image_0651,0.128,image_0654,0.135,image_0676,0.145
image_0645,image_0644,0.194,image_0678,0.195,image_0651,0.212
image_0646,image_0679,0.031,image_0682,0.165,image_0704,0.175
image_0647,image_0688,0.199,image_0658,0.216,image_0668,0.227
image_0648,image_0651,0.121,image_0678,0.128,image_0654,0.143
image_0649,image_0650,0.165,image_0652,0.23,image_0718,0.254
image_0650,image_0649,0.165,image_0691,0.198,image_0670,0.224
image_0651,image_0665,0.07,image_0654,0.109,image_0648,0.121
image_0652,image_0649,0.23,image_0650,0.231,image_0694,0.275
image_0653,image_0718,0.273,image_0185,0.278,image_0649,0.282
image_0654,image_0682,0.103,image_0651,0.109,image_0665,0.133
image_0655,image_0718,0.261,image_0694,0.27,image_0716,0.293
image_0656,image_0674,0.268,image_0709,0.272,image_0698,0.276
image_0657,image_0688,0.228,image_0647,0.235,image_0680,0.248
image_0658,image_0717,0.129,image_0647,0.216,image_0688,0.228
image_0659,image_0648,0.147,image_0651,0.151,image_0643,0.164
image_0660,image_0648,0.219,image_0679,0.222,image_0703,0.231
image_0661,image_0643,0.191,image_0659,0.229,image_0673,0.234
image_0662,image_0700,0.147,image_0675,0.231,image_0646,0.246
image_0663,image_0670,0.199,image_0648,0.228,image_0650,0.233
image_0664,image_0694,0.246,image_0650,0.249,image_0670,0.251
image_0665,image_0651,0.07,image_0667,0.124,image_0654,0.133
image_0666,image_0687,0.096,image_0675,0.118,image_0704,0.144
image_0667,image_0665,0.124,image_0651,0.174,image_0654,0.208
image_0668,image_0688,0.098,image_0651,0.156,image_0644,0.167
image_0669,image_0689,0.037,image_0654,0.183,image_0666,0.194
image_0670,image_0691,0.139,image_0675,0.18,image_0704,0.187
image_0671,image_0693,0.051,image_0642,0.245,image_0702,0.253
image_0672,image_0695,0.025,image_0644,0.168,image_0654,0.171
image_0673,image_0703,0.056,image_0648,0.184,image_0659,0.185
image_0674,image_0698,0.082,image_0695,0.214,image_0654,0.217
image_0675,image_0704,0.095,image_0666,0.118,image_0644,0.172
image_0676,image_0705,0.025,image_0644,0.145,image_0668,0.186
image_0677,image_0668,0.22,image_0672,0.22,image_0695,0.226
image_0678,image_0648,0.128,image_0651,0.158,image_0659,0.164
image_0679,image_0646,0.031,image_0682,0.166,image_0718,0.172
image_0680,image_0668,0.221,image_0688,0.23,image_0657,0.248
image_0681,image_0642,0.139,image_0704,0.248,image_0691,0.257
image_0682,image_0654,0.103,image_0646,0.165,image_0679,0.166
image_0683,image_0702,0.248,image_0701,0.252,image_0643,0.297
image_0684,image_0660,0.239,image_0679,0.258,image_0646,0.26
image_0685,image_0645,0.314,image_0683,0.34,image_0549,0.341
image_0686,image_0696,0.229,image_0715,0.26,image_0690,0.286
image_0687,image_0666,0.096,image_0704,0.161,image_0675,0.203
image_0688,image_0668,0.098,image_0651,0.183,image_0659,0.189
image_0689,image_0669,0.037,image_0704,0.203,image_0666,0.209
image_0690,image_0716,0.252,image_0718,0.259,image_0694,0.268
image_0691,image_0670,0.139,image_0704,0.186,image_0650,0.198
image_0692,image_0686,0.316,image_0675,0.324,image_0713,0.327
image_0693,image_0671,0.051,image_0702,0.262,image_0642,0.3
image_0694,image_0712,0.172,image_0714,0.183,image_0708,0.218
image_0695,image_0672,0.025,image_0654,0.145,image_0651,0.155
image_0696,image_0686,0.229,image_0579,0.246,image_0051,0.271
image_0697,image_0096,0.287,image_0107,0.295,image_0346,0.3
image_0698,image_0674,0.082,image_0675,0.23,image_0661,0.236
image_0699,image_0647,0.23,image_0657,0.264,image_0688,0.268
image_0700,image_0662,0.147,image_0658,0.271,image_0643,0.273
image_0701,image_0666,0.21,image_0675,0.222,image_0669,0.227
image_0702,image_0701,0.233,image_0704,0.24,image_0683,0.248
image_0703,image_0673,0.056,image_0646,0.196,image_0679,0.203
image_0704,image_0675,0.095,image_0666,0.144,image_0687,0.161
image_0705,image_0676,0.025,image_0644,0.155,image_0668,0.193
image_0706,image_0123,0.22,image_0151,0.225,image_0208,0.236
image_0707,image_0709,0.241,image_0712,0.245,image_0682,0.281
image_0708,image_0694,0.218,image_0691,0.228,image_0712,0.245
image_0709,image_0707,0.241,image_0682,0.247,image_0714,0.264
image_0710,image_0707,0.311,image_0694,0.365,image_0712,0.368
image_0711,image_0682,0.228,image_0679,0.23,image_0646,0.249
image_0712,image_0694,0.172,image_0714,0.185,image_0682,0.185
image_0713,image_1119,0.23,image_1076,0.257,image_0233,0.258
image_0714,image_0694,0.183,image_0712,0.185,image_0643,0.211
image_0715,image_0686,0.26,image_0106,0.319,image_0692,0.34
image_0716,image_0718,0.152,image_0712,0.208,image_0679,0.249
image_0717,image_0658,0.129,image_0691,0.225,image_0670,0.265
image_0718,image_0716,0.152,image_0679,0.172,image_0646,0.19
image_0719,image_0649,0.276,image_0716,0.28,image_0718,0.291
image_0720,image_0688,0.252,image_0705,0.269,image_0676,0.277
image_0721,image_0752,0.08,image_0761,0.081,image_0734,0.102
image_0722,image_0741,0.118,image_0799,0.137,image_0752,0.141
image_0723,image_0774,0.077,image_0749,0.087,image_0760,0.091
image_0724,image_0749,0.13,image_0773,0.136,image_0762,0.165
image_0725,image_0723,0.105,image_0745,0.123,image_0744,0.135
image_0726,image_0797,0.138,image_0773,0.149,image_0735,0.152
image_0727,image_0749,0.137,image_0752,0.154,image_0761,0.154
image_0728,image_0732,0.102,image_0744,0.104,image_0761,0.112
image_0729,image_0735,0.052,image_0734,0.114,image_0751,0.116
image_0730,image_0755,0.082,image_0781,0.09,image_0748,0.102
image_0731,image_0765,0.0,image_0752,0.092,image_0761,0.093
image_0732,image_0728,0.102,image_0729,0.119,image_0783,0.129
image_0733,image_0754,0.156,image_0746,0.178,image_0744,0.18
image_0734,image_0738,0.081,image_0721,0.102,image_0741,0.106
image_0735,image_0729,0.052,image_0751,0.131,image_0738,0.141
image_0736,image_0770,0.117,image_0729,0.123,image_0734,0.131
image_0737,image_0752,0.094,image_0761,0.095,image_0721,0.102
image_0738,image_0734,0.081,image_0795,0.123,image_0729,0.125
image_0739,image_0734,0.13,image_0742,0.132,image_0731,0.133
image_0740,image_0747,0.131,image_0721,0.135,image_0799,0.14
image_0741,image_0799,0.083,image_0752,0.094,image_0761,0.094
image_0742,image_0739,0.132,image_0797,0.159,image_0784,0.172
image_0743,image_0732,0.132,image_0744,0.142,image_0725,0.159
image_0744,image_0761,0.09,image_0752,0.09,image_0728,0.104
image_0745,image_0774,0.091,image_0723,0.093,image_0785,0.101
image_0746,image_0764,0.069,image_0752,0.092,image_0761,0.093
image_0747,image_0799,0.099,image_0741,0.1,image_0752,0.116
image_0748,image_0758,0.076,image_0774,0.096,image_0730,0.102
image_0749,image_0774,0.055,image_0762,0.082,image_0723,0.087
image_0750,image_0741,0.123,image_0760,0.13,image_0774,0.14
image_0751,image_0723,0.098,image_0749,0.109,image_0729,0.116
image_0752,image_0761,0.0,image_0721,0.08,image_0744,0.09
image_0753,image_0723,0.141,image_0751,0.156,image_0741,0.162
image_0754,image_0752,0.101,image_0761,0.103,image_0746,0.122
image_0755,image_0730,0.082,image_0729,0.117,image_0781,0.12
image_0756,image_0777,0.0,image_0747,0.175,image_0753,0.193
image_0757,image_0746,0.135,image_0734,0.142,image_0736,0.142
image_0758,image_0748,0.076,image_0781,0.08,image_0730,0.103
image_0759,image_0723,0.093,image_0774,0.115,image_0745,0.122
image_0760,image_0774,0.081,image_0781,0.086,image_0723,0.091
image_0761,image_0752,0.0,image_0721,0.081,image_0744,0.09
image_0762,image_0749,0.082,image_0774,0.099,image_0723,0.132
image_0763,image_0800,0.186,image_0735,0.193,image_0729,0.198
image_0764,image_0746,0.069,image_0757,0.15,image_0754,0.15
image_0765,image_0731,0.0,image_0752,0.093,image_0761,0.093
image_0766,image_0737,0.174,image_0739,0.177,image_0721,0.178
image_0767,image_0781,0.091,image_0734,0.114,image_0760,0.12
image_0768,image_0776,0.167,image_0778,0.191,image_0727,0.216
image_0769,image_0737,0.146,image_0746,0.155,image_0752,0.17
image_0770,image_0736,0.117,image_0734,0.124,image_0738,0.128
image_0771,image_0736,0.23,image_0796,0.231,image_0735,0.233
image_0772,image_0784,0.193,image_0739,0.225,image_0742,0.234
image_0773,image_0724,0.136,image_0726,0.149,image_0743,0.19
image_0774,image_0749,0.055,image_0723,0.077,image_0760,0.081
image_0775,image_0741,0.121,image_0765,0.142,image_0731,0.142
image_0776,image_0731,0.142,image_0765,0.142,image_0739,0.143
image_0777,image_0756,0.0,image_0747,0.175,image_0753,0.193
image_0778,image_0776,0.162,image_0757,0.166,image_0727,0.171
image_0779,image_0793,0.163,image_0774,0.189,image_0831,0.198
image_0780,image_0749,0.173,image_0743,0.191,image_0774,0.191
image_0781,image_0758,0.08,image_0760,0.086,image_0730,0.09
image_0782,image_0796,0.169,image_0797,0.214,image_0783,0.216
image_0783,image_0732,0.129,image_0755,0.134,image_0796,0.145
image_0784,image_0797,0.15,image_0770,0.164,image_0798,0.169
image_0785,image_0774,0.1,image_0745,0.101,image_0723,0.129
image_0786,image_0774,0.174,image_0749,0.182,image_0723,0.188
image_0787,image_0767,0.148,image_0745,0.154,image_0758,0.154
image_0788,image_0743,0.174,image_0737,0.205,image_0780,0.212
image_0789,image_0746,0.205,image_0737,0.213,image_0757,0.214
image_0790,image_0760,0.156,image_0781,0.173,image_0723,0.177
image_0791,image_0799,0.212,image_0741,0.255,image_0722,0.259
image_0792,image_0745,0.15,image_0785,0.154,image_0758,0.16
image_0793,image_0741,0.156,image_0779,0.163,image_0760,0.173
image_0794,image_0721,0.137,image_0765,0.18,image_0731,0.18
image_0795,image_0797,0.095,image_0734,0.108,image_0798,0.112
image_0796,image_0783,0.145,image_0726,0.162,image_0782,0.169
image_0797,image_0795,0.095,image_0741,0.13,image_0799,0.13
image_0798,image_0795,0.112,image_0797,0.157,image_0784,0.169
image_0799,image_0741,0.083,image_0747,0.099,image_0797,0.13
image_0800,image_0781,0.149,image_0760,0.153,image_0767,0.153
image_0801,image_0826,0.05,image_0813,0.065,image_0831,0.065
image_0802,image_0841,0.0,image_0854,0.08,image_0830,0.096
image_0803,image_0847,0.034,image_0821,0.034,image_0835,0.039
image_0804,image_0823,0.037,image_0850,0.037,image_0840,0.049
image_0805,image_0868,0.181,image_0849,0.223,image_0854,0.226
image_0806,image_0832,0.028,image_0853,0.028,image_0842,0.031
image_0807,image_0830,0.157,image_0850,0.164,image_0823,0.164
image_0808,image_0824,0.055,image_0853,0.055,image_0832,0.055
image_0809,image_0819,0.033,image_0847,0.039,image_0821,0.039
image_0810,image_0828,0.069,image_0848,0.069,image_0860,0.07
image_0811,image_0856,0.0,image_0813,0.061,image_0831,0.063
image_0812,image_0827,0.041,image_0832,0.041,image_0853,0.041
image_0813,image_0826,0.039,image_0831,0.045,image_0827,0.047
image_0814,image_0853,0.021,image_0832,0.021,image_0842,0.023
image_0815,image_0846,0.066,image_0825,0.067,image_0839,0.079
image_0816,image_0849,0.296,image_0810,0.304,image_1252,0.321
image_0817,image_0834,0.041,image_0827,0.041,image_0806,0.041
image_0818,image_0829,0.057,image_0817,0.059,image_0833,0.06
image_0819,image_0873,0.009,image_0809,0.033,image_0835,0.038
image_0820,image_0855,0.0,image_0811,0.081,image_0856,0.082
image_0821,image_0847,0.0,image_0803,0.034,image_0853,0.036
image_0822,image_0813,0.066,image_0811,0.069,image_0856,0.069
image_0823,image_0850,0.0,image_0804,0.037,image_0824,0.053
image_0824,image_0806,0.038,image_0829,0.041,image_0853,0.041
image_0825,image_0821,0.045,image_0847,0.045,image_0839,0.047
image_0826,image_0813,0.039,image_0831,0.043,image_0843,0.046
image_0827,image_0832,0.032,image_0853,0.032,image_0814,0.037
image_0828,image_0848,0.0,image_0817,0.068,image_0810,0.069
image_0829,image_0824,0.041,image_0817,0.045,image_0833,0.049
image_0830,image_0852,0.049,image_0810,0.087,image_0854,0.091
image_0831,image_0839,0.029,image_0806,0.038,image_0837,0.039
image_0832,image_0853,0.0,image_0814,0.021,image_0833,0.024
image_0833,image_0860,0.0,image_0853,0.024,image_0832,0.024
image_0834,image_0817,0.041,image_0806,0.042,image_0831,0.045
image_0835,image_0865,0.031,image_0806,0.038,image_0819,0.038
image_0836,image_0862,0.0,image_0838,0.048,image_0866,0.048
image_0837,image_0865,0.039,image_0831,0.039,image_0806,0.042
image_0838,image_0866,0.0,image_0832,0.037,image_0853,0.037
image_0839,image_0831,0.029,image_0832,0.038,image_0853,0.038
image_0840,image_0804,0.049,image_0825,0.049,image_0821,0.049
image_0841,image_0802,0.0,image_0854,0.08,image_0830,0.096
image_0842,image_0814,0.023,image_0844,0.03,image_0806,0.031
image_0843,image_0826,0.046,image_0842,0.046,image_0863,0.047
image_0844,image_0842,0.03,image_0806,0.034,image_0863,0.035
image_0845,image_0871,0.196,image_0879,0.196,image_0874,0.201
image_0846,image_0815,0.066,image_0825,0.069,image_0835,0.072
image_0847,image_0821,0.0,image_0803,0.034,image_0853,0.036
image_0848,image_0828,0.0,image_0817,0.069,image_0810,0.069
image_0849,image_0854,0.085,image_0810,0.091,image_0848,0.091
image_0850,image_0823,0.0,image_0804,0.037,image_0824,0.053
image_0851,image_0857,0.093,image_0844,0.1,image_0842,0.104
image_0852,image_0832,0.044,image_0853,0.044,image_0814,0.045
image_0853,image_0832,0.0,image_0814,0.021,image_0833,0.024
image_0854,image_0802,0.08,image_0841,0.08,image_0849,0.085
image_0855,image_0820,0.0,image_0811,0.081,image_0856,0.082
image_0856,image_0811,0.0,image_0813,0.061,image_0831,0.063
image_0857,image_0863,0.042,image_0844,0.05,image_0819,0.05
image_0858,image_0841,0.188,image_0802,0.188,image_0867,0.207
image_0859,image_0874,0.115,image_0801,0.158,image_0875,0.163
image_0860,image_0833,0.0,image_0853,0.024,image_0832,0.024
image_0861,image_0830,0.129,image_0854,0.146,image_0810,0.162
image_0862,image_0836,0.0,image_0838,0.048,image_0866,0.048
image_0863,image_0806,0.033,image_0844,0.035,image_0842,0.035
image_0864,image_0858,0.373,image_0869,0.382,image_0877,0.391
image_0865,image_0835,0.031,image_0837,0.039,image_0819,0.041
image_0866,image_0838,0.0,image_0832,0.037,image_0853,0.037
image_0867,image_0856,0.135,image_0811,0.135,image_0822,0.143
image_0868,image_0854,0.178,image_0805,0.181,image_0802,0.181
image_0869,image_0858,0.241,image_0807,0.251,image_0849,0.257
image_0870,image_0862,0.149,image_0836,0.149,image_0866,0.168
image_0871,image_0809,0.093,image_0820,0.101,image_0855,0.102
image_0872,image_0876,0.05,image_0819,0.068,image_0873,0.069
image_0873,image_0819,0.009,image_0844,0.041,image_0863,0.045
image_0874,image_0878,0.059,image_0875,0.076,image_0819,0.083
image_0875,image_0876,0.05,image_0819,0.054,image_0873,0.06
image_0876,image_0819,0.043,image_0875,0.05,image_0872,0.05
image_0877,image_0878,0.092,image_0801,0.123,image_0876,0.124
image_0878,image_0874,0.059,image_0873,0.068,image_0819,0.078
image_0879,image_0875,0.109,image_0863,0.123,image_0857,0.126
image_0880,image_0873,0.061,image_0863,0.073,image_0819,0.073
image_0881,image_0894,0.168,image_0919,0.173,image_0904,0.18
image_0882,image_0921,0.0,image_0895,0.078,image_0912,0.086
image_0883,image_0884,0.152,image_0888,0.157,image_0976,0.166
image_0884,image_0976,0.081,image_0901,0.098,image_0980,0.104
image_0885,image_0918,0.089,image_0900,0.105,image_0882,0.112
image_0886,image_0912,0.095,image_0897,0.098,image_0887,0.118
image_0887,image_0890,0.076,image_0975,0.083,image_1006,0.089
image_0888,image_0918,0.113,image_0884,0.142,image_0961,0.144
image_0889,image_0895,0.097,image_0891,0.106,image_0923,0.108
image_0890,image_0909,0.049,image_0935,0.05,image_0897,0.071
image_0891,image_0889,0.106,image_0896,0.113,image_0895,0.116
image_0892,image_0900,0.139,image_0889,0.151,image_0939,0.159
image_0893,image_0929,0.0,image_0905,0.153,image_0900,0.171
image_0894,image_0909,0.08,image_0935,0.08,image_0904,0.091
image_0895,image_0882,0.078,image_0921,0.078,image_0889,0.097
image_0896,image_0901,0.099,image_0895,0.104,image_0897,0.104
image_0897,image_0890,0.071,image_0912,0.073,image_0987,0.086
image_0898,image_0927,0.093,image_1001,0.093,image_0928,0.115
image_0899,image_0900,0.145,image_0892,0.18,image_0905,0.181
image_0900,image_0885,0.105,image_0889,0.126,image_0936,0.134
image_0901,image_0963,0.089,image_0884,0.098,image_0896,0.099
image_0902,image_0918,0.159,image_0937,0.179,image_0910,0.179
image_0903,image_0949,0.033,image_0884,0.107,image_0901,0.128
image_0904,image_0909,0.078,image_0935,0.079,image_0894,0.091
image_0905,image_0889,0.143,image_0900,0.146,image_0929,0.153
image_0906,image_0926,0.0,image_0911,0.073,image_0920,0.095
image_0907,image_0923,0.0,image_0918,0.088,image_0889,0.108
image_0908,image_0932,0.0,image_0909,0.115,image_0935,0.115
image_0909,image_0935,0.0,image_0890,0.049,image_0920,0.069
image_0910,image_0937,0.0,image_0920,0.093,image_0918,0.097
image_0911,image_0926,0.073,image_0906,0.073,image_0920,0.083
image_0912,image_0897,0.073,image_0935,0.084,image_0909,0.084
image_0913,image_0911,0.087,image_0926,0.097,image_0906,0.098
image_0914,image_1025,0.12,image_1035,0.127,image_0989,0.134
image_0915,image_0928,0.072,image_0909,0.079,image_0935,0.079
image_0916,image_0933,0.168,image_0888,0.172,image_1004,0.179
image_0917,image_0890,0.077,image_0909,0.084,image_0935,0.084
image_0918,image_0923,0.088,image_0907,0.088,image_0885,0.089
image_0919,image_0937,0.099,image_0910,0.099,image_0909,0.105
image_0920,image_0909,0.069,image_0935,0.069,image_0911,0.083
image_0921,image_0882,0.0,image_0895,0.078,image_0912,0.086
image_0922,image_0339,0.327,image_0342,0.389,image_0601,0.396
image_0923,image_0907,0.0,image_0918,0.088,image_0889,0.108
image_0924,image_0973,0.254,image_0937,0.289,image_0910,0.289
image_0925,image_0949,0.107,image_0903,0.131,image_0936,0.159
image_0926,image_0906,0.0,image_0911,0.073,image_0920,0.095
image_0927,image_0898,0.093,image_0915,0.104,image_0928,0.108
image_0928,image_0915,0.072,image_0927,0.108,image_0898,0.115
image_0929,image_0893,0.0,image_0905,0.153,image_0900,0.17
image_0930,image_0905,0.176,image_0929,0.196,image_0893,0.196
image_0931,image_0968,0.127,image_0920,0.13,image_0995,0.132
image_0932,image_0908,0.0,image_0909,0.115,image_0935,0.115
image_0933,image_0888,0.166,image_0916,0.168,image_0902,0.18
image_0934,image_0918,0.137,image_0937,0.144,image_0910,0.144
image_0935,image_0909,0.0,image_0890,0.05,image_0920,0.069
image_0936,image_1030,0.104,image_0900,0.134,image_0940,0.146
image_0937,image_0910,0.0,image_0920,0.092,image_0909,0.097
image_0938,image_0934,0.184,image_0941,0.208,image_1001,0.21
image_0939,image_0959,0.144,image_0958,0.158,image_0892,0.159
image_0940,image_1030,0.1,image_1040,0.117,image_0952,0.119
image_0941,image_0914,0.171,image_1000,0.201,image_1040,0.205
image_0942,image_0899,0.338,image_0958,0.354,image_0954,0.365
image_0943,image_1167,0.132,image_0898,0.149,image_0957,0.152
image_0944,image_0958,0.192,image_1118,0.195,image_1083,0.2
image_0945,image_0905,0.155,image_1033,0.165,image_0959,0.18
image_0946,image_0955,0.217,image_0958,0.218,image_0952,0.229
image_0947,image_0940,0.137,image_0889,0.147,image_1036,0.159
image_0948,image_0921,0.242,image_0882,0.242,image_0894,0.243
image_0949,image_0903,0.033,image_0925,0.107,image_0884,0.122
image_0950,image_1263,0.196,image_0197,0.212,image_0929,0.221
image_0951,image_0959,0.104,image_0952,0.163,image_0940,0.171
image_0952,image_0940,0.119,image_0943,0.157,image_0951,0.163
image_0953,image_0938,0.303,image_0563,0.314,image_0700,0.326
image_0954,image_0905,0.191,image_0889,0.191,image_0958,0.199
image_0955,image_0946,0.217,image_0938,0.222,image_1017,0.238
image_0956,image_0955,0.252,image_0958,0.274,image_1197,0.275
image_0957,image_0960,0.137,image_0943,0.152,image_1039,0.19
image_0958,image_1074,0.141,image_1091,0.145,image_0074,0.152
image_0959,image_0951,0.104,image_1038,0.105,image_0939,0.144
image_0960,image_0957,0.137,image_1039,0.162,image_0943,0.168
image_0961,image_0991,0.076,image_0989,0.083,image_0976,0.099
image_0962,image_1002,0.0,image_0983,0.067,image_1007,0.083
image_0963,image_0991,0.069,image_0980,0.081,image_0964,0.083
image_0964,image_1003,0.056,image_0974,0.064,image_0968,0.067
image_0965,image_0970,0.156,image_0979,0.174,image_0968,0.185
image_0966,image_1012,0.0,image_0979,0.108,image_0995,0.125
image_0967,image_0983,0.048,image_1007,0.051,image_0986,0.051
image_0968,image_0983,0.049,image_0970,0.053,image_1019,0.058
image_0969,image_0970,0.088,image_0985,0.104,image_0974,0.108
image_0970,image_0968,0.053,image_1019,0.073,image_0985,0.084
image_0971,image_1016,0.044,image_0983,0.103,image_0967,0.122
image_0972,image_1021,0.081,image_0980,0.088,image_0970,0.103
image_0973,image_0910,0.242,image_0937,0.243,image_0924,0.254
image_0974,image_1003,0.016,image_1007,0.062,image_0986,0.062
image_0975,image_0987,0.081,image_1007,0.082,image_0986,0.082
image_0976,image_0980,0.061,image_0989,0.067,image_1008,0.076
image_0977,image_0970,0.1,image_0979,0.109,image_1019,0.12
image_0978,image_0904,0.145,image_0994,0.147,image_1015,0.155
image_0979,image_0968,0.084,image_1007,0.087,image_0986,0.087
image_0980,image_0989,0.06,image_0976,0.061,image_0988,0.071
image_0981,image_0994,0.115,image_0926,0.118,image_0906,0.119
image_0982,image_0982,0.0,image_0976,0.126,image_0995,0.128
image_0983,image_0967,0.048,image_0968,0.049,image_1007,0.055
image_0984,image_0970,0.118,image_0985,0.119,image_1009,0.123
image_0985,image_1003,0.065,image_0974,0.072,image_0968,0.073
image_0986,image_1007,0.0,image_0967,0.051,image_0983,0.056
image_0987,image_1007,0.067,image_0986,0.067,image_0974,0.068
image_0988,image_1008,0.0,image_0980,0.071,image_0976,0.076
image_0989,image_0980,0.06,image_0976,0.067,image_0988,0.083
image_0990,image_1010,0.046,image_1020,0.124,image_0995,0.124
image_0991,image_0983,0.063,image_0963,0.069,image_0961,0.076
image_0992,image_1011,0.0,image_0997,0.117,image_0974,0.13
image_0993,image_1018,0.0,image_0995,0.072,image_1020,0.072
image_0994,image_1015,0.015,image_1020,0.107,image_0995,0.107
image_0995,image_1020,0.0,image_1018,0.072,image_0993,0.072
image_0996,image_1018,0.105,image_0993,0.105,image_0910,0.115
image_0997,image_1027,0.079,image_0987,0.086,image_0975,0.096
image_0998,image_0966,0.133,image_1012,0.134,image_0970,0.138
image_0999,image_0988,0.097,image_1008,0.097,image_1021,0.104
image_1000,image_1008,0.083,image_0988,0.084,image_1035,0.094
image_1001,image_0898,0.093,image_0913,0.121,image_0927,0.139
image_1002,image_0962,0.0,image_0983,0.067,image_1007,0.083
image_1003,image_0974,0.016,image_0964,0.056,image_0985,0.065
image_1004,image_0905,0.164,image_1035,0.167,image_0884,0.167
image_1005,image_0977,0.195,image_0985,0.227,image_0970,0.256
image_1006,image_0887,0.089,image_0981,0.145,image_0904,0.152
image_1007,image_0986,0.0,image_0967,0.051,image_0983,0.055
image_1008,image_0988,0.0,image_0980,0.071,image_0976,0.076
image_1009,image_0968,0.079,image_0970,0.098,image_1019,0.099
image_1010,image_0990,0.046,image_1017,0.143,image_0982,0.143
image_1011,image_0992,0.0,image_0997,0.117,image_0974,0.13
image_1012,image_0966,0.0,image_0979,0.106,image_0995,0.124
image_1013,image_0997,0.14,image_1022,0.161,image_0987,0.171
image_1014,image_1024,0.178,image_1349,0.219,image_0977,0.224
image_1015,image_0994,0.015,image_1020,0.098,image_0995,0.098
image_1016,image_0971,0.044,image_0983,0.133,image_1008,0.137
image_1017,image_1017,0.0,image_0976,0.126,image_0995,0.128
image_1018,image_0993,0.0,image_0995,0.072,image_1020,0.072
image_1019,image_0968,0.058,image_0970,0.073,image_1003,0.076
image_1020,image_0995,0.0,image_1018,0.072,image_0993,0.072
image_1021,image_0972,0.081,image_0999,0.104,image_1019,0.128
image_1022,image_0997,0.154,image_1013,0.161,image_0987,0.183
image_1023,image_0998,0.211,image_0951,0.237,image_1035,0.25
image_1024,image_1014,0.178,image_1001,0.196,image_0977,0.208
image_1025,image_0989,0.088,image_1035,0.103,image_0980,0.116
image_1026,image_0995,0.086,image_1020,0.086,image_1018,0.113
image_1027,image_0997,0.079,image_1007,0.093,image_0986,0.093
image_1028,image_1034,0.151,image_0069,0.159,image_1000,0.163
image_1029,image_0880,0.158,image_1034,0.203,image_1108,0.206
image_1030,image_0940,0.1,image_1040,0.101,image_0936,0.104
image_1031,image_0963,0.12,image_1003,0.127,image_0991,0.134
image_1032,image_0294,0.097,image_0968,0.113,image_1019,0.128
image_1033,image_0963,0.141,image_0964,0.15,image_0945,0.165
image_1034,image_0880,0.116,image_1040,0.131,image_0069,0.14
image_1035,image_0976,0.084,image_0989,0.091,image_0980,0.091
image_1036,image_1037,0.107,image_0999,0.143,image_0972,0.146
image_1037,image_1036,0.107,image_0940,0.144,image_1008,0.147
image_1038,image_0959,0.105,image_1030,0.153,image_1040,0.162
image_1039,image_1119,0.107,image_1171,0.139,image_1152,0.139
image_1040,image_0963,0.1,image_1030,0.101,image_1000,0.114
image_1041,image_1042,0.094,image_1050,0.099,image_0021,0.105
image_1042,image_1164,0.077,image_1139,0.077,image_1050,0.08
image_1043,image_1164,0.116,image_1042,0.117,image_0609,0.119
image_1044,image_1062,0.258,image_0035,0.284,image_1166,0.287
image_1045,image_1118,0.173,image_1051,0.181,image_1055,0.181
image_1046,image_1063,0.098,image_1053,0.129,image_1096,0.156
image_1047,image_1104,0.079,image_1183,0.088,image_1097,0.089
image_1048,image_1041,0.151,image_1043,0.174,image_1054,0.175
image_1049,image_1139,0.131,image_0022,0.132,image_0080,0.141
image_1050,image_0040,0.077,image_1042,0.08,image_1104,0.091
image_1051,image_0600,0.154,image_1118,0.169,image_1045,0.181
image_1052,image_1039,0.184,image_1119,0.185,image_1171,0.189
image_1053,image_1115,0.122,image_1047,0.123,image_0614,0.128
image_1054,image_1195,0.175,image_0037,0.175,image_1048,0.175
image_1055,image_1195,0.082,image_1182,0.103,image_1050,0.116
image_1056,image_1183,0.121,image_1064,0.122,image_1088,0.126
image_1057,image_1047,0.218,image_0605,0.227,image_1050,0.233
image_1058,image_1074,0.111,image_1091,0.123,image_1047,0.126
image_1059,image_0466,0.173,image_1055,0.183,image_1065,0.196
image_1060,image_1097,0.058,image_1164,0.076,image_0609,0.094
image_1061,image_1053,0.175,image_0347,0.177,image_1046,0.177
image_1062,image_1041,0.118,image_1133,0.16,image_1162,0.171
image_1063,image_1046,0.098,image_1096,0.106,image_1053,0.159
image_1064,image_1088,0.111,image_1183,0.112,image_1164,0.119
image_1065,image_0036,0.153,image_0614,0.155,image_1049,0.162
image_1066,image_1083,0.123,image_1087,0.176,image_1178,0.181
image_1067,image_1120,0.164,image_1071,0.203,image_1077,0.232
image_1068,image_0622,0.177,image_1117,0.179,image_0625,0.179
image_1069,image_1104,0.134,image_1180,0.139,image_1097,0.145
image_1070,image_0204,0.252,image_0229,0.257,image_0173,0.26
image_1071,image_1067,0.203,image_1120,0.221,image_1312,0.227
image_1072,image_1106,0.202,image_1095,0.219,image_1068,0.221
image_1073,image_1074,0.093,image_1091,0.096,image_1107,0.11
image_1074,image_1091,0.008,image_1094,0.085,image_1092,0.087
image_1075,image_1100,0.152,image_1083,0.178,image_1086,0.189
image_1076,image_1119,0.135,image_1085,0.16,image_1082,0.166
image_1077,image_1068,0.194,image_1105,0.205,image_1084,0.212
image_1078,image_1110,0.154,image_1083,0.158,image_1106,0.158
image_1079,image_1050,0.125,image_1139,0.158,image_1042,0.161
image_1080,image_1100,0.117,image_0194,0.197,image_1118,0.201
image_1081,image_1083,0.273,image_1093,0.273,image_1090,0.282
image_1082,image_1076,0.166,image_1085,0.197,image_0639,0.212
image_1083,image_1107,0.092,image_1090,0.105,image_1066,0.123
image_1084,image_1189,0.149,image_1167,0.169,image_1334,0.176
image_1085,image_1106,0.148,image_1076,0.16,image_0615,0.162
image_1086,image_1034,0.183,image_1075,0.189,image_1090,0.192
image_1087,image_1107,0.15,image_1113,0.153,image_1094,0.161
image_1088,image_1042,0.11,image_1064,0.111,image_1116,0.122
image_1089,image_1056,0.216,image_1103,0.219,image_0958,0.238
image_1090,image_1083,0.105,image_0621,0.131,image_1107,0.138
image_1091,image_1074,0.008,image_1094,0.086,image_1107,0.087
image_1092,image_1074,0.087,image_1091,0.093,image_1094,0.127
image_1093,image_1107,0.116,image_1118,0.119,image_1073,0.125
image_1094,image_1074,0.085,image_1091,0.086,image_1092,0.127
image_1095,image_1117,0.104,image_1106,0.152,image_1098,0.153
image_1096,image_1063,0.106,image_0211,0.124,image_1073,0.133
image_1097,image_1164,0.054,image_1060,0.058,image_1183,0.078
image_1098,image_1117,0.109,image_1115,0.14,image_1095,0.153
image_1099,image_0600,0.155,image_1090,0.168,image_0621,0.179
image_1100,image_1080,0.117,image_0194,0.137,image_1093,0.15
image_1101,image_1103,0.118,image_1047,0.119,image_1183,0.136
image_1102,image_1110,0.157,image_1106,0.164,image_1078,0.182
image_1103,image_1101,0.118,image_0604,0.124,image_1047,0.125
image_1104,image_1047,0.079,image_1097,0.085,image_0614,0.088
image_1105,image_0116,0.166,image_1084,0.183,image_1087,0.189
image_1106,image_1085,0.148,image_1095,0.152,image_1110,0.152
image_1107,image_1091,0.087,image_1074,0.09,image_1083,0.092
image_1108,image_1094,0.147,image_1167,0.169,image_1091,0.174
image_1109,image_1195,0.165,image_1073,0.173,image_1053,0.175
image_1110,image_1106,0.152,image_1078,0.154,image_1102,0.157
image_1111,image_0898,0.189,image_1103,0.195,image_1101,0.197
image_1112,image_1119,0.177,image_1076,0.178,image_1167,0.179
image_1113,image_1087,0.153,image_1092,0.212,image_1106,0.23
image_1114,image_0466,0.17,image_1180,0.176,image_1099,0.183
image_1115,image_1097,0.1,image_1104,0.108,image_1357,0.109
image_1116,image_1104,0.111,image_1088,0.122,image_0600,0.146
image_1117,image_1095,0.104,image_1098,0.109,image_1091,0.142
image_1118,image_1093,0.119,image_1090,0.142,image_1073,0.149
image_1119,image_1039,0.107,image_1076,0.135,image_0180,0.157
image_1120,image_1067,0.164,image_0052,0.185,image_1312,0.19
image_1121,image_1138,0.091,image_1148,0.123,image_1130,0.125
image_1122,image_1162,0.103,image_1157,0.135,image_1137,0.137
image_1123,image_1177,0.0,image_1137,0.095,image_1125,0.118
image_1124,image_1144,0.084,image_1140,0.098,image_1138,0.098
image_1125,image_1130,0.102,image_1137,0.108,image_1160,0.113
image_1126,image_1141,0.132,image_1133,0.138,image_1137,0.143
image_1127,image_1185,0.195,image_1125,0.195,image_1159,0.208
image_1128,image_1125,0.15,image_1159,0.169,image_1177,0.173
image_1129,image_1143,0.098,image_1161,0.103,image_1144,0.108
image_1130,image_1148,0.092,image_1125,0.102,image_1143,0.105
image_1131,image_1175,0.0,image_1125,0.132,image_1160,0.154
image_1132,image_1125,0.118,image_0026,0.129,image_1139,0.137
image_1133,image_1134,0.099,image_1143,0.104,image_1141,0.106
image_1134,image_1144,0.046,image_1164,0.062,image_1161,0.08
image_1135,image_1137,0.119,image_1125,0.135,image_1136,0.159
image_1136,image_1125,0.154,image_1135,0.159,image_1137,0.161
image_1137,image_1177,0.095,image_1123,0.095,image_1133,0.107
image_1138,image_1121,0.091,image_1124,0.098,image_1148,0.099
image_1139,image_1042,0.077,image_1190,0.08,image_1164,0.091
image_1140,image_1139,0.096,image_1124,0.098,image_1160,0.104
image_1141,image_1144,0.084,image_1157,0.092,image_1160,0.103
image_1142,image_1176,0.0,image_1143,0.099,image_1134,0.099
image_1143,image_1161,0.069,image_1144,0.08,image_1134,0.084
image_1144,image_1134,0.046,image_1161,0.08,image_1143,0.08
image_1145,image_1306,0.123,image_1143,0.127,image_1157,0.131
image_1146,image_1165,0.0,image_1148,0.133,image_1138,0.136
image_1147,image_1186,0.145,image_1150,0.176,image_1168,0.176
image_1148,image_1130,0.092,image_1138,0.099,image_1125,0.121
image_1149,image_1141,0.149,image_1144,0.16,image_0006,0.169
image_1150,image_1168,0.0,image_1129,0.136,image_1130,0.138
image_1151,image_1170,0.0,image_1155,0.179,image_1138,0.184
image_1152,image_1171,0.0,image_1180,0.118,image_1191,0.133
image_1153,image_1157,0.094,image_1283,0.126,image_1143,0.127
image_1154,image_1173,0.0,image_1164,0.091,image_1134,0.095
image_1155,image_1170,0.179,image_1151,0.179,image_1131,0.184
image_1156,image_1137,0.117,image_1177,0.132,image_1123,0.132
image_1157,image_1141,0.092,image_1153,0.094,image_1143,0.104
image_1158,image_1157,0.121,image_1148,0.121,image_1130,0.131
image_1159,image_1130,0.116,image_1140,0.132,image_1125,0.142
image_1160,image_1141,0.103,image_1140,0.104,image_1125,0.113
image_1161,image_1143,0.069,image_1144,0.08,image_1134,0.08
image_1162,image_1122,0.103,image_1157,0.105,image_1143,0.107
image_1163,image_1164,0.094,image_1042,0.096,image_1193,0.112
image_1164,image_1097,0.054,image_1183,0.056,image_1134,0.062
image_1165,image_1146,0.0,image_1148,0.133,image_1138,0.137
image_1166,image_1125,0.145,image_1141,0.148,image_1160,0.161
image_1167,image_1335,0.105,image_0180,0.117,image_1338,0.118
image_1168,image_1150,0.0,image_1129,0.136,image_1130,0.138
image_1169,image_1050,0.129,image_1163,0.136,image_1042,0.153
image_1170,image_1151,0.0,image_1155,0.179,image_1138,0.183
image_1171,image_1152,0.0,image_1180,0.118,image_1191,0.133
image_1172,image_1139,0.122,image_1190,0.125,image_1041,0.136
image_1173,image_1154,0.0,image_1164,0.091,image_1134,0.096
image_1174,image_1187,0.13,image_1129,0.133,image_1133,0.151
image_1175,image_1131,0.0,image_1125,0.132,image_1160,0.154
image_1176,image_1142,0.0,image_1143,0.098,image_1134,0.098
image_1177,image_1123,0.0,image_1137,0.095,image_1125,0.118
image_1178,image_1095,0.158,image_1106,0.159,image_1066,0.181
image_1179,image_1188,0.091,image_1182,0.21,image_1190,0.218
image_1180,image_1195,0.068,image_1183,0.079,image_1097,0.084
image_1181,image_1193,0.192,image_1079,0.225,image_1163,0.228
image_1182,image_1195,0.082,image_0592,0.093,image_1198,0.097
image_1183,image_1164,0.056,image_0609,0.068,image_1097,0.078
image_1184,image_1164,0.094,image_1183,0.101,image_1097,0.101
image_1185,image_1139,0.132,image_1130,0.145,image_1125,0.155
image_1186,image_1192,0.096,image_1182,0.11,image_1194,0.116
image_1187,image_1180,0.121,image_1174,0.13,image_1129,0.132
image_1188,image_1179,0.091,image_1190,0.274,image_1192,0.275
image_1189,image_1190,0.126,image_1097,0.128,image_1047,0.129
image_1190,image_1139,0.08,image_1164,0.087,image_1192,0.09
image_1191,image_1180,0.108,image_1192,0.108,image_1190,0.126
image_1192,image_1190,0.09,image_1186,0.096,image_1191,0.108
image_1193,image_1138,0.101,image_1050,0.111,image_1163,0.112
image_1194,image_1186,0.116,image_1182,0.134,image_1192,0.138
image_1195,image_1180,0.068,image_1182,0.082,image_1055,0.082
image_1196,image_1195,0.094,image_1182,0.129,image_1055,0.132
image_1197,image_1194,0.145,image_1192,0.151,image_1195,0.154
image_1198,image_1182,0.097,image_0592,0.102,image_1195,0.109
image_1199,image_1046,0.164,image_1172,0.175,image_0037,0.179
image_1200,image_1041,0.221,image_1199,0.222,image_0015,0.232
image_1201,image_1215,0.104,image_1234,0.127,image_1214,0.13
image_1202,image_1243,0.024,image_1230,0.092,image_1240,0.101
image_1203,image_1253,0.1,image_1212,0.106,image_1252,0.111
image_1204,image_1230,0.06,image_1233,0.06,image_1217,0.069
image_1205,image_1242,0.041,image_1232,0.072,image_1223,0.08
image_1206,image_1237,0.083,image_1238,0.092,image_1204,0.094
image_1207,image_1233,0.083,image_1211,0.096,image_1222,0.1
image_1208,image_1216,0.079,image_1219,0.083,image_1230,0.095
image_1209,image_1227,0.075,image_1218,0.077,image_1228,0.077
image_1210,image_1211,0.091,image_1215,0.108,image_1217,0.11
image_1211,image_1217,0.067,image_1222,0.081,image_1233,0.081
image_1212,image_1235,0.093,image_1215,0.097,image_1230,0.098
image_1213,image_1225,0.099,image_1205,0.121,image_1228,0.13
image_1214,image_1245,0.0,image_1222,0.089,image_1209,0.095
image_1215,image_1216,0.08,image_1234,0.088,image_1233,0.095
image_1216,image_1208,0.079,image_1215,0.08,image_1219,0.096
image_1217,image_1219,0.057,image_1230,0.059,image_1235,0.061
image_1218,image_1251,0.063,image_1277,0.063,image_1230,0.073
image_1219,image_1230,0.056,image_1217,0.057,image_1235,0.059
image_1220,image_1244,0.096,image_1260,0.103,image_1246,0.127
image_1221,image_1207,0.106,image_1270,0.115,image_1202,0.131
image_1222,image_1204,0.074,image_1211,0.081,image_1233,0.082
image_1223,image_1205,0.08,image_1232,0.085,image_1211,0.104
image_1224,image_1235,0.105,image_1252,0.114,image_1232,0.116
image_1225,image_1217,0.099,image_1213,0.099,image_1215,0.1
image_1226,image_1248,0.0,image_1220,0.204,image_1260,0.228
image_1227,image_1209,0.075,image_1230,0.075,image_1251,0.085
image_1228,image_1230,0.076,image_1209,0.077,image_1219,0.085
image_1229,image_1215,0.187,image_1207,0.197,image_1232,0.198
image_1230,image_1235,0.048,image_1219,0.056,image_1217,0.059
image_1231,image_1204,0.072,image_1219,0.094,image_1233,0.098
image_1232,image_1205,0.072,image_1242,0.079,image_1223,0.085
image_1233,image_1204,0.06,image_1211,0.081,image_1222,0.082
image_1234,image_1215,0.088,image_1207,0.111,image_1233,0.112
image_1235,image_1230,0.048,image_1219,0.059,image_1217,0.061
image_1236,image_1228,0.093,image_1235,0.101,image_1230,0.111
image_1237,image_1271,0.063,image_1206,0.083,image_1230,0.085
image_1238,image_1206,0.092,image_1237,0.1,image_1204,0.114
image_1239,image_1209,0.181,image_1211,0.182,image_1223,0.183
image_1240,image_1202,0.101,image_1204,0.108,image_1243,0.11
image_1241,image_1216,0.158,image_1223,0.159,image_1211,0.163
image_1242,image_1205,0.041,image_1232,0.079,image_1246,0.102
image_1243,image_1202,0.024,image_1230,0.081,image_1208,0.107
image_1244,image_1220,0.096,image_1265,0.121,image_1251,0.131
image_1245,image_1214,0.0,image_1222,0.089,image_1209,0.095
image_1246,image_1260,0.094,image_1209,0.095,image_1227,0.1
image_1247,image_1253,0.181,image_1328,0.195,image_1270,0.222
image_1248,image_1226,0.0,image_1220,0.204,image_1260,0.228
image_1249,image_1246,0.107,image_1278,0.11,image_1252,0.114
image_1250,image_1239,0.26,image_1331,0.28,image_1215,0.286
image_1251,image_1218,0.063,image_1277,0.064,image_1230,0.073
image_1252,image_1209,0.1,image_1230,0.103,image_1235,0.108
image_1253,image_1230,0.086,image_1203,0.1,image_1251,0.105
image_1254,image_1277,0.114,image_1237,0.141,image_1267,0.143
image_1255,image_1203,0.113,image_1271,0.142,image_1230,0.158
image_1256,image_1267,0.144,image_0211,0.147,image_1096,0.175
image_1257,image_1278,0.106,image_1251,0.107,image_1276,0.115
image_1258,image_1263,0.125,image_1249,0.129,image_1246,0.154
image_1259,image_1278,0.115,image_1276,0.12,image_1257,0.12
image_1260,image_1209,0.082,image_1251,0.09,image_1246,0.094
image_1261,image_1257,0.144,image_0595,0.17,image_1278,0.184
image_1262,image_1244,0.228,image_1275,0.237,image_0357,0.251
image_1263,image_1258,0.125,image_1249,0.139,image_1220,0.143
image_1264,image_0238,0.231,image_1261,0.25,image_1263,0.263
image_1265,image_1244,0.121,image_1220,0.135,image_1257,0.145
image_1266,image_1206,0.17,image_1220,0.177,image_1274,0.187
image_1267,image_1271,0.11,image_1257,0.115,image_1251,0.119
image_1268,image_1260,0.095,image_1249,0.118,image_1220,0.129
image_1269,image_1274,0.148,image_1271,0.155,image_1267,0.168
image_1270,image_1339,0.108,image_1221,0.115,image_1246,0.118
image_1271,image_1237,0.063,image_1251,0.078,image_1230,0.084
image_1272,image_1280,0.113,image_1091,0.121,image_1337,0.13
image_1273,image_1220,0.129,image_0366,0.154,image_1244,0.183
image_1274,image_1251,0.092,image_1277,0.107,image_1260,0.111
image_1275,image_1218,0.088,image_1228,0.109,image_1209,0.114
image_1276,image_0844,0.104,image_0857,0.105,image_0880,0.107
image_1277,image_1218,0.063,image_1251,0.064,image_1271,0.091
image_1278,image_1246,0.101,image_1209,0.102,image_1257,0.106
image_1279,image_0385,0.284,image_0383,0.313,image_1028,0.342
image_1280,image_1272,0.113,image_1091,0.161,image_1074,0.189
image_1281,image_1355,0.092,image_1324,0.105,image_1297,0.121
image_1282,image_1307,0.106,image_1289,0.113,image_1328,0.144
image_1283,image_1306,0.102,image_1315,0.117,image_1290,0.123
image_1284,image_1286,0.134,image_1292,0.148,image_1332,0.162
image_1285,image_1291,0.144,image_1294,0.145,image_1288,0.145
image_1286,image_1292,0.094,image_1290,0.119,image_1319,0.129
image_1287,image_1295,0.124,image_1173,0.144,image_1154,0.144
image_1288,image_1329,0.103,image_1294,0.111,image_1307,0.114
image_1289,image_1282,0.113,image_1307,0.136,image_1295,0.139
image_1290,image_1286,0.119,image_1283,0.123,image_1292,0.146
image_1291,image_1288,0.129,image_1324,0.139,image_1307,0.139
image_1292,image_1286,0.094,image_1158,0.145,image_1290,0.146
image_1293,image_1288,0.132,image_1307,0.144,image_1328,0.146
image_1294,image_1288,0.111,image_1324,0.128,image_1309,0.13
image_1295,image_1315,0.11,image_1154,0.11,image_1173,0.111
image_1296,image_1298,0.157,image_1286,0.158,image_1307,0.179
image_1297,image_1324,0.115,image_1359,0.118,image_1281,0.121
image_1298,image_1286,0.136,image_1319,0.148,image_1293,0.15
image_1299,image_0353,0.193,image_1105,0.202,image_1094,0.209
image_1300,image_1320,0.151,image_1307,0.154,image_1317,0.175
image_1301,image_1346,0.074,image_1342,0.117,image_1315,0.124
image_1302,image_1310,0.214,image_1320,0.215,image_0324,0.215
image_1303,image_1315,0.256,image_1281,0.263,image_1307,0.265
image_1304,image_1315,0.143,image_0046,0.156,image_0033,0.156
image_1305,image_1322,0.083,image_1298,0.212,image_1286,0.217
image_1306,image_1283,0.102,image_1144,0.116,image_1154,0.116
image_1307,image_1282,0.106,image_1288,0.114,image_1328,0.13
image_1308,image_1325,0.06,image_1290,0.213,image_1298,0.214
image_1309,image_1281,0.123,image_1294,0.13,image_1288,0.137
image_1310,image_1326,0.072,image_1307,0.136,image_1288,0.153
image_1311,image_1327,0.0,image_1293,0.172,image_1288,0.178
image_1312,image_1220,0.171,image_1205,0.173,image_1273,0.188
image_1313,image_1306,0.135,image_1342,0.172,image_1304,0.18
image_1314,image_1333,0.199,image_1300,0.268,image_1320,0.275
image_1315,image_1295,0.11,image_1283,0.117,image_1301,0.124
image_1316,image_1215,0.193,image_1331,0.2,image_1216,0.203
image_1317,image_1285,0.158,image_1300,0.175,image_1307,0.176
image_1318,image_1334,0.075,image_1324,0.139,image_1281,0.187
image_1319,image_1286,0.129,image_1289,0.146,image_1298,0.148
image_1320,image_1300,0.151,image_1293,0.151,image_1319,0.165
image_1321,image_1283,0.166,image_1157,0.198,image_1295,0.205
image_1322,image_1305,0.083,image_1315,0.268,image_1295,0.274
image_1323,image_1305,0.421,image_1303,0.427,image_1322,0.444
image_1324,image_1281,0.105,image_1297,0.115,image_1294,0.128
image_1325,image_1308,0.06,image_1319,0.202,image_1286,0.223
image_1326,image_1310,0.072,image_1324,0.129,image_1281,0.131
image_1327,image_1311,0.0,image_1293,0.172,image_1288,0.178
image_1328,image_1348,0.114,image_1307,0.13,image_1288,0.131
image_1329,image_1288,0.103,image_1294,0.142,image_1328,0.147
image_1330,image_1344,0.258,image_1310,0.289,image_1331,0.311
image_1331,image_1332,0.157,image_1289,0.172,image_1293,0.176
image_1332,image_1331,0.157,image_1284,0.162,image_1292,0.19
image_1333,image_1288,0.162,image_1310,0.182,image_1281,0.186
image_1334,image_1318,0.075,image_1335,0.145,image_1189,0.172
image_1335,image_1167,0.105,image_1338,0.105,image_1047,0.122
image_1336,image_0272,0.155,image_1347,0.177,image_0265,0.204
image_1337,image_1356,0.093,image_1091,0.108,image_1074,0.113
image_1338,image_1359,0.091,image_1357,0.103,image_1335,0.105
image_1339,image_1342,0.095,image_1270,0.108,image_1246,0.123
image_1340,image_0366,0.24,image_1360,0.246,image_1244,0.251
image_1341,image_1309,0.155,image_0350,0.156,image_1294,0.158
image_1342,image_1339,0.095,image_1301,0.117,image_1260,0.118
image_1343,image_1348,0.25,image_0306,0.258,image_0396,0.268
image_1344,image_1328,0.23,image_1282,0.25,image_1330,0.258
image_1345,image_1277,0.14,image_1281,0.147,image_1297,0.153
image_1346,image_1301,0.074,image_0180,0.136,image_1339,0.138
image_1347,image_1328,0.144,image_1301,0.153,image_1270,0.159
image_1348,image_1328,0.114,image_1288,0.182,image_1294,0.184
image_1349,image_1270,0.13,image_0604,0.139,image_1103,0.145
image_1350,image_1326,0.188,image_1288,0.214,image_1328,0.219
image_1351,image_1286,0.187,image_1319,0.195,image_1325,0.228
image_1352,image_1342,0.152,image_1295,0.158,image_1203,0.161
image_1353,image_0180,0.268,image_1274,0.272,image_1342,0.273
image_1354,image_1309,0.147,image_1288,0.164,image_1294,0.173
image_1355,image_1281,0.092,image_1359,0.104,image_1297,0.127
image_1356,image_1337,0.093,image_0305,0.122,image_1074,0.142
image_1357,image_1183,0.089,image_1047,0.103,image_1338,0.103
image_1358,image_0293,0.124,image_0289,0.135,image_0309,0.147
image_1359,image_1338,0.091,image_1355,0.104,image_1297,0.118
image_1360,image_0391,0.176,image_0321,0.196,image_0373,0.205
